state,has_nba_team,has_major_zoo,is_coastal,has_waffle_house,personality_profile,openness_rank,avg_temp_f,annual_sunny_days,ufo_sightings_per_100k,dog_ownership_pct,national_parks_count,political_lean,craft_breweries_per_100k,total_pop,median_income,median_age,bachelors_deg_pct,poverty_rate_pct,work_from_home_pct,foreign_born_pct,mean_commute_minutes,basketball,football,baseball,soccer,hockey,golf,tennis,pickleball,swimming,skiing,snowboarding,surfing,bowling,boxing,mma,nba,nfl,mlb,nhl,super bowl,college football,march madness,wnba,mls,pga tour,formula 1,nascar,ufc,track and field,volleyball,crossfit,powerlifting,gymnastics,marathon,triathlon,lacrosse,rugby,cricket,archery,rowing,skateboarding,snowshoeing,table tennis,badminton,water polo,pizza,tacos,sushi,burgers,barbecue,ramen,pasta,steak,seafood,fried chicken,pho,curry,dumplings,paella,empanadas,gyros,falafel,bagels,pancakes,waffles,ice cream,donuts,churros,cheesecake,boba,brisket,pulled pork,bbq ribs,clam chowder,gumbo,lobster roll,deep dish pizza,hot wings,philly cheesesteak,biscuits and gravy,crab cakes,jambalaya,beignets,key lime pie,poutine,tamales,enchiladas,quesadillas,birria tacos,poke bowl,pad thai,tikka masala,shawarma,nachos,buffalo wings,hot dogs,corn dogs,pot roast,meatloaf,shepherds pie,chicken pot pie,mac and cheese,kolaches,scrapple,fry bread,sourdough bread,cornbread,funnel cake,apple pie,pecan pie,peach cobbler,pumpkin pie,sweet potato pie,cinnamon rolls,scones,croissants,cannoli,tiramisu,baklava,gelato,frozen yogurt,milkshakes,smoothies,lemonade,sweet tea,kombucha,matcha latte,espresso,iced coffee,craft beer,hard cider,bourbon,margaritas,sangria,bloody mary,mimosa,mojito,hot sauce,ranch dressing,maple syrup,honey,peanut butter,mcdonalds,taco bell,chick fil a,wendys,burger king,popeyes,dominos pizza,pizza hut,subway,chipotle,dunkin donuts,starbucks,panera bread,panda express,five guys,in n out,whataburger,sonic drive in,culvers,raising canes,zaxbys,bojangles,jack in the box,del taco,sheetz,wawa,buc ees,dutch bros,churro waffle,chicken and waffles,eggs benedict,avocado toast,acai bowl,arancini,samosas,bao buns,bibimbap,bulgogi,elote,chilaquiles,tres leches,flan,churro ice cream,cheerios,frosted flakes,cinnamon toast crunch,honey nut cheerios,lucky charms,froot loops,frosted mini wheats,capn crunch,rice krispies,cocoa puffs,trix,raisin bran,fruity pebbles,special k,apple jacks,honey bunches of oats,corn flakes,wheat thies,life cereal,golden grahams,kix,cookie crisp,chex,corn pops,grape nuts,quaker oats,malt o meal,cocoa krispies,honey smacks,franken berry,count chocula,boo berry,raisin bran crunch,cracklin oat bran,peanut butter crunch,honey comb,alphabits,waffle crisp,smorz,french toast crunch,basic 4,total cereal,fiber one,oatmeal raisin crisp,cereal bars,instant oatmeal,steel cut oats,cream of wheat,grits,granola,cheerios cereal,frosted flakes cereal,cinnamon toast crunch cereal,honey nut cheerios cereal,lucky charms cereal,froot loops cereal,frosted mini wheats cereal,capn crunch cereal,rice krispies cereal,cocoa puffs cereal,kashi cereal,bear naked granola,nature valley cereal,magic spoon,catalina crunch,crispy rice,puffins cereal,gorilla munch,heritage flakes,barbara cereal,weetabix,muesli,granola bars,oat bran,wheat bran,honey nut chex,chocolate chex,cinnamon chex,apple cinnamon cheerios,very berry cheerios,chocolate frosted flakes,marshmallow mateys,tootie frooties,cocoa roos,fruity dino bites,dog,cat,bear,deer,eagle,wolf,coyote,fox,bison,moose,alligator,snake,turtle,owl,hawk,falcon,shark,dolphin,whale,seal,otter,beaver,raccoon,possum,armadillo,skunk,badger,panther,mountain lion,bobcat,elk,antelope,porcupine,manatee,pelican,flamingo,black bear,grizzly bear,polar bear,white tailed deer,mule deer,gray wolf,red fox,cougar,jaguar,crocodile,rattlesnake,copperhead,garter snake,bald eagle,golden eagle,red tailed hawk,great horned owl,barn owl,raven,crow,blue jay,cardinal,hummingbird,woodpecker,turkey,pheasant,quail,sea turtle,sea lion,walrus,sea otter,river otter,muskrat,nutria,humpback whale,orca,blue whale,great white shark,hammerhead shark,bull shark,stingray,manta ray,octopus,giant squid,jellyfish,lion,tiger,leopard,cheetah,snow leopard,giraffe,zebra,hippopotamus,rhinoceros,elephant,gorilla,chimpanzee,orangutan,lemur,koala,kangaroo,sloth,panda,red panda,capybara,meerkat,hyena,komodo dragon,axolotl,rabbit,guinea pig,hamster,ferret,chinchilla,hedgehog,bearded dragon,gecko,iguana,chameleon,ball python,corn snake,goldfish,betta fish,parakeet,cockatiel,macaw,groundhog,prairie dog,chipmunk,flying squirrel,bat,wolverine,caribou,muskox,bighorn sheep,mountain goat,snowy owl,osprey,peregrine falcon,kingfisher,heron,egret,cormorant,puffin,loon,albatross,tiger shark,nurse shark,whale shark,barracuda,moray eel,caiman,cottonmouth snake,coral snake,gila monster,snapping turtle,camping,hiking,fishing,hunting,kayaking,canoeing,rock climbing,mountain biking,boating,jet ski,paddleboarding,fly fishing,bird watching,rv travel,offroading,atv riding,tent camping,rv camping,backpacking,geocaching,target shooting,bass fishing,trout fishing,deep sea fishing,crabbing,ice fishing,stargazing,gardening,houseplants,bouldering,canyoning,caving,mountaineering,trail running,disc golf,pickleball court,cornhole,horseshoe pitching,skeet shooting,spearfishing,clamming,lobster trapping,foraging,mushroom hunting,metal detecting,bushcraft,overlanding,dirt biking,snowmobiling,hydrofoiling,windsurfing,kitesurfing,wakeboarding,water skiing,woodworking,knitting,crochet,pottery,baking,grilling,tailgating,painting,drawing,calligraphy,origami,sewing,leatherworking,candle making,soap making,scrapbooking,journaling,digital art,sculpting,embroidery,quilting,stained glass,jewelry making,resin art,cross stitch,wood carving,latch hook,flower arranging,video games,board games,chess,3d printing,pc building,drone flying,astrophotography,retro gaming,vr gaming,tabletop rpg,dungeons and dragons,warhammer,magic the gathering,cosplay,sim racing,ham radio,coding,thrifting,vinyl records,coin collecting,stamp collecting,sneakerhead,vintage clothing,bonsai,aquascaping,terrarium,card collecting,action figures,antiquing,fossil hunting,rockhounding,comic books,playing guitar,piano,ukulele,singing,djing,magic tricks,homebrewing,winemaking,sourdough baking,fermentation,canning,roasting coffee,mixology,barbecue smoking,yoga,pilates,meditation
Alabama,FALSE,FALSE,TRUE,TRUE,Friendly & Conventional,Moderate/Low,200,62.8,45,38,NULL,Solid Red,3.5,5108468,38.5,69021,11.5,34.3,15.2,13.6,26.8,20,59,14,5,2,65*,21,4,8,2,3,3,48,31,15,36,37,15,3,9,69,11,-1,6,3,4,28,40,5,23,10,2,27,57,4,15,11,57,12,TBD,16,0,33,33,18,70,7,15,5,3,8,20,36,30,6,16 points,59,22,1,2,5,6,26,41,22,53,24,0,18,5,44,15,NULL,2,33,8,15,29,37,11,12,30,34,18,6,28,26,8,20,<18,4,4,9,10,73,32,6,30,30,2,21,73,3,1,2,-1,45,3,16,11,33,15,9,37,6,9,12,27,13,39,7,8,TBD,54,16,8,3,72,16,1,1,79,8,6,6,20,9,42,14,15.00,29,10,14,22,25,11,28,18,9,34,29,17,6,43,5,NULL,20,7,42,1,17,5,56,19,3,8,3,32,4,53,0,29,<10,23,38,19,4,10,21,46,26,15,28,31,0,43,10,20,9,+18,21,7,3,58,11,17,13,25,25,20,30,43,0,18,9,TBD,4,67,3,5,67,11,0,22,0,22,13,18,0,47,86,0,8.00,0,6,42,3,49,0,6,3,4,3,58,32,46,11,19,11,—,20,0,0,64,16,14,4,0,40,42,97,1,0,2,0,<17,9,61,7,6,0,74,26,0,0,0,0,0,0,0,50,25,+10,9,6,21,5,70,2,2,9,52,19,10,10,6,42,11,10,N/A,21,34,22,14,9,9,14,41,4,32,37,10,5,10,38,39.00,35,9,16,1,4,4,11,32,49,34,35,17,3,11,9,2,—,3,84,35,4,24,31,6,88,1,8,2,1,42,12,11,13,22-23,7,43,20,21,9,4,32,4,57,3,6,25,45,15,9,+5,30,57,5,3,55,36,3,3,3,5,10,8,74,3,37,4,N/A,6,40,73,6,13,5,3,28,17,26,9,20,17,7,45,21,10*,7,10,60,5,18,1,72,25,2,0,2,9,4,78,7,—,48,8,5,9,23,21,16,5,35,49,5,20,13,13,0,0,21-22,15,64,93,4,0,2,1,35,43,0,20,2,18,2,15,33,32 points,20,4,7,57,12,20,2,8,5,65,50,15,1,12,22,N/A,39,9,24,0,40,16,0,0,44,4,28,37,28,3,42,0,13*,13,32,0,4,5,44,47,25,2,0,29,44,12,11,74,0,-1,8,5,31,28,28,72,12,12,3,1,23,4,2,0,71,13-14,73,12,1,1,10,31,11,4,44,42,10,38,4,6,91,2,7 points,0,0,0,19,47,1,33,4,78,11,3,4,1,1,54,4,NULL,13,28,2,7,50,33,59,3,5,0,59,27,14
alabama,false,false,TRUE,FALSE,Conventional & Duty-Bound,moderate/low,26.6,125,83.9,38,8,Swing State,8,733406,69021,38.5,34.3,"11.5  ",15.2,13.6,26.8,21,35,13,12,19,55,19,5,12,9,11,8,35,unknown,18,28,41,13,10,8,31,16,22,27,4,4,11,58,2,25,"7,0",2,18,65,8,10,17,41,22,10,18,5,29,34,14,69,141,17,6,1,20,23,35,16,6,40,47,10,1,2,3,7,20,about 44,26,57,17,1,14,11,41,24,4,11,20,6,12,13,33,36,15%,32,12,20,21,25,40,5,20,10,33,9,21,15,22,23,unknown,34,32,4,22,64,1,2,11,46,20,2,24,8,10,32,3,"39,0",16,8,9,34,12,37,10,5,20,56,9,14,3,76,6,1,02,68,8,8,14,11,16,34,14,25,39,12,23,23,3,17,about 28,14,13,28,39,8,1,52,0,73,5,16,5,1,9,58,5,7%,21,4,8,23,4,61,0,15,21,25,39,16,5,7,19,53,?,15,26,36,0,44,9,14,8,25,0,0,0,79,21,25,"17,0",22,28,8,32,44,0,24,0,23,6,61,0,10,80,20,0,00,0,0,0,0,0,0,62,18,1,0,19,45,0,48,0,7,,10,9,25,53,55,0,0,0,45,0,0,0,0,0,0,0%,0,69,31,100,0,0,0,0,11,21,52,9,7,0,0,0,?,0,0,0,0,0,0,35,22,17,3,23,16,3,50,3,28,3 (est.),59,17,12,9,5,31,5,27,32,38,41,12,5,4,8,031,25,4,32,39,8,26,5,22,21,30,20,29,0,8,4,21,,36,41,13,8,2,36,8,0,1,1,90,52,5,18,18,7,8.60e+1,2,6,1,5,40,34,11,11,4,17,65,10,6,2,2,?,6,67,4,9,34,36,14,7,14,30,47,5,4,51,40,4,3 (est.),2,6,8,9,74,3,29,3,14,6,48,69,7,14,6,4,"27  ",17,28,6,22,19,8,37,23,13,10,16,50,6,18,2,,24,40,3,4,23,8,59,6,21,20,4,5,50,47,21,8,2.00e+0,22,66,8,17,0,9,0,0,18,14,68,87,7,0,4,2,441,22,1,58,2,20,2,6,34,38,48,3,4,9,36,4,5 (est.),46,6,39,17,14,0,4,65,37,40,5,18,0,15,24,15,"0  ",46,0,11,43,36,10,82,0,0,18,0,0,5,20,49,26,unknown,1,0,27,43,8,17,72,1,2,10,10,26,29,25,52,2.20e+1,20,5,1,23,9,1,0,67,13,70,14,2,1,13,23,9,61,49,49,14,29,3,5,89,3,7,1,0,0,20,49,0,31,about 8,66,0,8,18,2,1,60,10,27,10,20,0,0,70,21,"69  ",8,2,0,69,19,12
"ALABAMA ",TRUE,"False ",FALSE,false,conventional & duty-bound," Moderate/Low ",60.3,299,—,38,3,Swing State,3.5,7431344,69021,38.5,34.3,11.5,15.2,13.6,26.8,26,40,16,12,6-7,67,18,6,7,2,5,4,34,39,18,29,40,18,5,8,36,22 points,21,13,8,4,14,58,2,22,8,2,22,63,5,13,13,N/A,12,5,18,1,32,31,18,68,11,16,4,1,14,28,38,13,7*,30,52,13,2,3,6,4,43,31,16,50,22,1,18,9,56,-1,6,6,10,11,18,21,30,20,14,29,17,23,17,41,33,6-7,13,7,8,6,16,15,55,40,7,24,27,2,16,65,1,1,17 points,44,23,2,25,6,16,31,4,39,10,7,10,23,11,49,13,NULL,18,60,5,8,3,74,14,1,1,77,8,7,7,15,10,44*,12,19,31,10,19,22,18,14,33,15,9,29,17,24,5,51,-1,36,7,39,18,0,32,7,3,6,52,11,0,2,1,86,0,TBD,11,21,36,18,7,13,18,44,33,27,18,22,0,41,11,17 points,9,22,18,7,3,60,12,20,13,29,24,14,25,42,0,24,NULL,30,4,55,3,8,65,19,4,12,0,24,17,10,9,40,85,<0,8,0,7,42,3,50,0,5,5,9,8,21,57,47,12,-1,10,16,16,11,0,59,14,15,3,2,46,34,98,1,0,1,TBD,15,13,54,9,9,18,46,22,14,0,0,0,0,0,0,51,27.00,12,5,5,23,7,66,2,2,4,55,14,12,15,9,45,NULL,11,29,23,43,19,5,10,12,21,35,9,23,42,38,3,3,<14,37,40,8,15,0,7,3,7,29,54,39,40,7,2,12,10,+2,3,3,82,33,3,30,29,5,84,1,12,2,1,46,20,TBD,10,13,6,53,18,16,7,3,29,5,60,3,5,33,39,14,9.00,7,29,57,4,3,56,35,3,3,3,4,7,7,80,2,38,—,11,7,40,62,8,22,5,3,27,15,31,7,20,16,7,<42,24,11,15,17,38,12,18,0,67,30,3,0,8,7,4,74,+7,23,45,10,7,15,27,23,14,4,32,47,7,25,2,19,1,N/A,36,25,38,84,5,0,7,4,21,45,3,26,5,17,6,5.00,28,44,42,4,12,25,17,5,1,8,18,68,28,45,2,5,—,38,26,16,20,0,21,16,3,0,60,3,18,28,44,7,26,0-1,19,23,32,0,4,7,42,47,23,2,0,29,46,10,15,+72,0,3,7,8,23,30,32,59,14,19,6,2,14,4,1,0,N/A,14,71,13,1,1,15,30,11,3,41,44,12,36,4,4,90,3*,7,0,0,0,20,48,0,32,5,72,3,3,17,2,1,—,6,31,17,23,3,6,51,43,43,7,7,0,61,27,12
Alabma,"False ",NO,false,TRUE," Conventional & Duty-Bound ",Moderate - Low,60.4,200,45,51.6,0,solid red,3.5,3067732,69021,38.5,3.43e+1,11.5,15.2,13.6,26.8,32,43,17,6,2,62,21,5,10,2,3,3,921,31,14,35,40,12,2,11,49,24,17,7,3,3,18,49,4 (est.),26,8,2,29,57,4,10,8,64,14,4,19,0,32,34,15,"71  ",9,11,7,2,12,27,39,14,8,23,52,22,1,2,4,5,unknown,44,19,53,26,0,15,6,51,18,6,2,23,7,14,27,3.30e+1,19,10,32,33,15,10,42,27,8,17,6,9,5,13,15,58,401,9,30,33,2,22,65,9,1,3,27,40,3,17,13,21,24,about 8,39,8,9,11,27,14,39,8,5,15,57,15,10,3,72,"13  ",2,2,68,14,7,9,20,10,37,16,17,29,11,18,24,18,unknown,21,20,9,38,33,20,2,42,3,39,11,7,40,3,16,15,"40,0",11,18,10,7,18,12,53,0,32,13,27,28,10,4,8,341,62,29,13,29,29,0,42,12,18,8,20,16,9,4,58,13,about 19,16,29,21,15,29,46,0,16,9,26,4,61,3,6,53,29,5%,13,0,29,18,0,0,53,91,0,0,0,9,42,2,50,unknown,6,4,7,5,38,46,49,18,20,0,13,0,0,0,100,0,"15,0",0,0,40,45,100,0,0,0,0,15,10,61,7,7,0,100,00,0,0,0,0,0,0,0,47,26,10,11,6,26,5,64,about 2,3,7,58,17,10,8,8,41,8,9,34,21,49,14,10,6,12%,13,34,7,34,56,11,5,6,22,32,37,11,18,2,8,3,?,33,42,32,23,23,4,18,7,2,2,4,85,36,4,27,"26,0",7,88,2,8,1,1,39,12,11,16,22,7,46,21,19,7,04,32,5,56,3,4,31,37,17,11,5,28,60,4,3,58,33,,3,3,6,8,9,74,3,34,5,13,7,41,71,6,15,5%,3,30,18,24,8,20,21,7,38,23,11,9,11,54,8,18,?,70,26,3,0,4,11,5,72,8,21,49,10,7,13,26,24,13 (est.),4,33,43,5,21,17,14,0,0,26,15,59,93,2,0,03,2,32,33,0,32,3,17,3,9,36,35,19,3,5,47,26,,1,12,7,70,50,19,0,10,21,24,37,9,30,0,26,17,0.00e+0,0,57,6,26,33,35,0,32,0,15,0,53,0,4,7,?,39,24,1,0,31,44,9,12,76,0,3,10,7,29,30,24,63 (est.),15,17,4,1,24,5,2,0,69,13,74,11,1,1,7,28,"11  ",5,49,44,12,35,3,6,90,4,6,0,0,1,17,52,,30,3,78,8,3,8,2,1,57,5,35,15,29,4,0,52,2.80e+1,66,2,4,0,63,25,12
California,TRUE,TRUE,TRUE,"False ",Relaxed & Creative,High,59.4,+265,38.5,32.9,9,Solid Blue,3.2,38965193,69021,38.5,34.3,11.5,15.2,13.6,26.8,19,38,17,N/A,5,56,27,6,9,2,5,9,28,42,16,32,37,18,4,9.00,31,20,21,22,6,7,9,58,3,23,8,2,18,67,5,15,—,54,7,8,10,0,20,32,38,63,12,19,5,1,18,30,30,16-17,6,33,52,10,2,3,2,9,39,34,16,50,17,1,18,+14,48,15,7,15,15,16,22,21,31,10,12,27,29,17,15,46,N/A,5,10,11,11,9,22,16,42,38,9,24,26,3,18,77,1,1*,3,43,22,4,26,5,13,32,5,34,16,8,8,29,13,—,14,3,19,58,6,9,6,73,10,2,2,69,10,11,8,19,11-12,40,10,20,34,9,18,23,16,12,31,20,14,23,18,21,2,57 points,2,35,6,58,1,0,2,12,1,1,84,26,0,3,0,N/A,0,19,9,23,49,13,6,7,23,51,25,26,19,30,0,46,9*,15,8,22,18,6,3,57,16,22,11,25,28,14,30,43,0,-1,5,42,4,45,3,6,73,12,5,9,1,26,14,11,4,45-46,81,0,10,1,8,46,2,49,0,3,4,9,6,18,63,45,12 points,17,10,16,19,10,4,53,14,15,2,1,44,38,96,1,0,NULL,0,13,16,54,9,8,10,46,22,19,3,76,24,0,0,0*,48,29,15,2,6,27,8,60,2,3,5,58,15,11,11,7,-1,7,14,31,32,28,22,11,7,18,17,38,10,17,68,16,2,TBD,12,38,37,9,16,0,3,2,10,26,59,49,25,6,2,18 points,12,2,3,4,79,42,6,23,24,5,88,1,7,2,2,40,NULL,8,6,11,7,51,21,15,6,2,28,5,62,3,5,32,40,<15,8,7,29,57,4,3,57,35,3,3,2,6,7,6,79,-1,42,5,11,6,36,64,7,21,5,3,30,14,24,9,23,12,TBD,42,24,17,18,16,41,7,18,0,66,31,3,0,3,5,3,82.00,7,15,51,12,8,14,31,22,14,3,30,64,6,22,1,NULL,0,0,38,23,39,77,7,0,11,5,26,40,2,27,5,16,<4,4,40,36,52,3,6,23,16,5,4,9,11,71,37,27,2,+5,29,47,24,13,16,0,10,24,6,0,60,5,20,26,42,TBD,20,0,29,25,26,0,4,10,37,49,22,1,0,28,49,12,19.00,66,0,3,5,6,26,34,29,63,11,18,6,2,12,4,1,—,83,15,70,14,1,0,11,32,11,4,42,39,12,42,4,<3,93,2,5,0,0,0,18,58,0,24,5,82,2,4,7,1,+1,64,7,27,21,22,3,13,41,57,31,8,4,0,60,28,12
" Alabama",TRUE,TRUE,"False ",NO,Relaxed & Creative,High,45.1,245,45,47.2,4,Solid Blue,9.1,5877610,69021,38.5 (est.),34.3,11.5,15.2,13.6,26.8,20,42,13,14,11,65,17,5,7,6,010,6,40,29,15,26,43,11,11,9,42,22,15,14,7,6,10,,3,29,9,1,20,64,6,32,15,37,11,5,20,6,28,26,2.00e+1,62,13,19,5,1,16,30,37,11,6,35,44,16,2,3,?,6,47,31,12,55,20,1,15,9,53,25,4,5,13,12,15,21 (est.),34,18,17,28,16,22,17,37,36,5,13,9,11,8,15,15,"51  ",32,6,31,28,3,19,73,2,2,4,44,23,2,24,7,,33,3,37,12,9,11,28,12,40,12,4,19,59,6,11,3,7.50e+1,9,2,2,65,20,6,7,12,11,44,12,21,34,10,16,22,321,20,27,15,12,26,18,27,4,48,3,40,13,36,10,1,53 (est.),15,3,6,23,12,1,3,1,83,0,19,17,30,34,17,7,"14  ",20,42,33,17,22,28,0,44,10,16,9,21,18,8,4,60,unknown,18,13,27,23,19,24,44,0,24,8,27,4,58,3,8,6.40e+1,20,4,12,0,27,11,11,10,41,86,0,7,0,7,40,4,611,0,5,4,9,5,22,60,52,11,13,11,13,18,16,0,66,about 0,14,5,0,45,36,98,0,0,2,0,10,18,53,11,8,"0  ",53,47,0,0,0,0,0,0,0,49,26,13,4,8,29,5,unknown,4,5,4,52,13,14,17,18,39,5,11,27,16,59,16,3,"6,0",11,19,26,18,26,70,10,3,3,14,30,42,11,17,0,321,3,11,28,45,40,29,10,5,16,14,3,3,3,77,41,5,about 19,30,5,87,3,7,2,1,43,18,10,16,13,7,53,17,16,7%,2,25,6,64,3,5,36,39,13,7,8,33,53,4,2,unknown,32,3,3,3,6,10,9,72,3,33,4,11,6,46,68,7,"17,0",5,3,25,17,29,7,22,15,6,44,25,10,10,13,40,20,017,1,62,28,9,0,11,10,3,71,5,17,52,9,7,15,about 31,21,13,5,30,52,8,26,3,11,0,0,36,22,42,79,4,0%,9,8,14,12,3,68,3,14,5,3,36,42,58,3,4,14,?,4,1,24,11,60,26,29,2,4,39,40,38,7,15,0,"20,0",18,2,0,60,4,14,25,43,14,65,0,13,9,13,0,5,011,44,40,25,2,0,33,40,9,16,71,1,3,7,8,25,30,,60,13,21,5,1,18,5,2,0,75,16,68,14,1,1,15%,27,10,4,44,45,15,32,4,4,90,3,7,0,0,0,15,?,0,31,5,66,4,5,20,1,1,63,7,28,18,21,4,5,52 (est.),41,49,4,6,0,65,22,13
Ala.,NO,0,TRUE,0,Friendly & Conventional,Moedrate/Low,49.00,200,45,24,0,Solid Blue,3.5,3617176,69021,38.5,34.3,11.5,15.2,13.6,26.8,31,NULL,14,14,12,61,23,4,9,3,5,4,40,36,15,29,37,18,<7,9,28,25,26,14,7,6,18,51,5,20,7,1,23,65,4,+53,12,25,3,7,13,2,28,31,26,78,5,12,4,1,10,TBD,31,17,5,27,50,16,2,5,1,8,53,25,13,52,31,0,13.00,4,43,24,6,15,12,49,13,12,21,5,23,22,11,23,21,—,24,9,20,19,8,8,15,13,56,37,3,24,32,4,19,<78,0,1,2,42,20,2,31,5,13,32,6,31,18,6,16,25,+10,43,12,5,21,57,5,7,3,67,22,1,3,66,13,12,6,N/A,12,38,10,28,39,12,20,16,13,21,37,25,9,8,20,19.00,16,40,5,18,65,13,4,0,10,57,6,12,15,11,14,47,—,25,0,30,11,22,37,28,6,13,20,33,21,12,29,38,0,46-47,10,16,9,19,17,7,3,62,11,20,16,23,26,15,23,+46,0,22,9,24,5,59,3,9,89,4,0,7,0,31,10,13,N/A,37,74,0,8,5,13,40,2,52,0,6,4,7,4,17,68,48*,11,20,8,13,14,0,0,68,18,16,5,0,41,38,94,—,1,2,0,12,14,57,10,7,33,67,0,0,0,0,0,0,0-1,0,51,28,11,3,7,28,5,62,1,4,4,55,16,14,11,6 points,44,8,15,27,25,39,22,9,5,16,13,32,5,34,31,N/A,10,13,32,36,35,9,19,1,1,2,25,24,48,48,15,14,4*,19,6,3,3,3,85,34,7,31,20,8,91,3,3,2,1,-1,15,9,14,10,9,43,19,21,8,3,21,4,69,3,5,31-32,44,12,8,7,29,56,4,4,58,34,3,3,2,8,10,10,68 points,4,35,5,13,6,41,67,7,18,5,3,31,15,24,9,21,NULL,4,55,19,13,8,8,60,5,19,1,69,26,4,0,2,6*,7,78,7,14,51,11,7,17,46,16,11,3,24,64,8,19,-1,7,0,0,26,24,50,81,6,0,9,4,38,30,1,27,4,TBD,3,9,43,27,27,5,8,36,24,3,3,18,6,70,47,19 points,2,6,26,33,31,11,25,0,18,11,21,0,50,4,28,38,NULL,8,53,0,18,13,16,0,4,11,35,50,28,1,0,34,37,<12,15,68,0,5,8,7,26,29,30,60,12,20,6,2,15,-1,2,1,77,16,73,10,1,0,11,30,10,3,46,41,12,38,TBD,5,89,4,7,0,0,0,20,53,0,27,6,80,5,4,5,1.00,1,62,5,31,20,24,3,8,45,40,46,4,10,0,61,NULL,13
Delaware,0,FALSE,TRUE,FALSE,Conventional and Duty-Bound,Moderate/Low,55.3,200,45,38,0,Swing State,3.5,about 1031890,69021,38.5,34.3,11.5,15.2,13.6,26.8,22,41,17,13,7,63,22,5,8,2%,4,9,44,32,11,26,43,18,6,7,37,18,25,14,6,4,?,42,4,22,10,2,24,59,5,51,8,31,5,5,15,0,"32,0",35,18,79,6,10,4,1,9,26,33,26,6,17,56,21,2,04,2,7,46,30,15,52,25,0,18,5,46,24,6,8,16,23,,20,36,9,48,22,6,16,8,23,25,10,23,19,5,10,9%,9,67,35,4,25,33,3,16,54,0,29,1,36,23,6,30,?,23,29,9,28,11,7,14,23,12,44,11,7,18,54,10,8,3 (est.),66,21,2,2,70,9,11,8,15,12,42,12,19,34,10,017,16,23,16,29,29,11,15,12,26,15,42,5,38,49,10,3,,9,47,16,15,13,0,3,95,0,2,0,19,10,25,46,21,7.00e+0,13,19,40,22,12,30,36,0,42,10,21,10,17,19,0,?,66,15,19,14,24,28,15,21,39,0,21,19,23,7,64,0,6 (est.),100,0,0,0,0,31,0,30,0,39,71,0,29,0,0,41,"3  ",51,0,5,5,8,6,31,50,65,0,35,0,0,0,0,,100,0,17,0,0,39,44,100,0,0,0,0,12,14,57,10,7.00e+0,0,100,0,0,0,0,0,0,0,0,41,25,23,5,6,25,91,67,2,3,5,59,20,8,8,6,48,8,10,28,21,36,21 (est.),16,6,14,19,40,5,22,48,9,6,10,27,46,23,7,23,"1  ",2,3,17,29,49,46,12,13,5,24,9,1,2,4,84,34,unknown,27,27,7,91,1,5,2,1,35,15,10,29,11,7,46,1.70e+1,21,9,3,42,3,50,2,9,57,21,7,6,6,30,57,4,221,56,35,4,3,2,9,10,10,67,4,34,5,13,6,42,66,about 8,18,5,3,31,18,22,9,20,10,5,58,17,10,9,11,"63  ",5,12,1,69,27,3,0,1,4,6,81,8,11,58,13,7,unknown,32,21,15,3,29,57,6,25,3,9,0,0,26,16,58,90,"4,0",0,4,2,32,40,1,22,5,22,2,8,39,29,25,6,151,38,16,4,23,8,5,60,57,16,0,0,27,30,32,8,30,about 0,24,16,11,0,49,0,37,41,22,0,0,0,32,30,38,0,3%,8,46,43,27,2,0,30,41,11,15,68,0,6,8,5,unknown,32,34,56,14,22,5,3,20,4,3,0,73,14,73,10,2,"1,0",9,33,14,0,44,42,13,36,4,5,89,4,7,0,0,0,017,55,0,28,3,87,7,3,0,2,1,57,5,35,26,24,about 0,0,50,40,49,5,6,0,63,24,13
Florida,TRUE,TRUE,TRUE,TRUE,Friendly & Conventional,Moderate/Low,70.7,237,45,38,3," Solid Red ",2.1,22610726,69021,38.5,34.3,11.5,15.2,13.6,26.8,-1,46,15,13,6,64,21,6,7,2,3,7,39,35,16,29,39,TBD,7,9,46,14,14,18,8,7,18,53,2,20,9,1,19,67 points,4,25,13,48,6,8,14,0,40,25,21,65,9,21,4,1,NULL,25,36,25,5,23,50,16,3,8,7,5,43,30,15,48,26,<1,19,6,48,17,6,6,23,21,16,16,34,13,15,17,24,-1,9,30,25,8,20,17,10,8,20,16,46,34,5,27,30,4,TBD,77,1,2,2,40,26,3,24,7,21,26,7,36,10,7,13,27.00,11,42,15,6,19,52,8,8,4,72,15,1,1,69,10,NULL,7,19,17,36,10,18,33,10,18,18,21,15,29,17,9,30,<16,23,10,46,5,41,26,8,25,0,46,10,27,10,7,4,1,+70,0,25,0,16,10,24,50,19,5,13,17,46,19,11,26,TBD,0,47,11,16,8,18,22,8,4,51,15,19,15,24,28,14,24.00,44,0,24,8,25,6,58,4,7,75,8,4,12,1,23,13,—,7,45,80,0,8,2,10,45,3,48,0,4,3,6,4,<41,46,48,11,18,9,14,25,9,2,53,11,15,5,1,39,40,+98,0,0,2,0,13,13,59,8,7,14,49,23,14,0,72,0,N/A,0,0,53,28,10,3,6,22,4,69,2,3,13,46,18,10.00,13,7,42,19,9,23,24,33,22,11,10,8,17,48,2,25,—,3,1,62,24,69,16,4,11,0,1,2,9,23,65,54,18,11-12,2,15,9,1,2,3,85,33,7,36,17,7,87,1,7,+4,1,51,13,11,8,17,5,53,14,19,9,5,32,5,56,2,N/A,30,40,14,9,5,30,59,3,3,56,36,3,2,3,7,9,11*,70,3,51,3,10,5,31,65,8,18,6,3,21,14,25,—,19,16,10,37,22,15,14,20,45,6,15,2,67,28,3,0,1-2,2,2,92,3,8,65,16,4,7,23,21,16,8,32,47,5,23 points,6,19,0,0,26,16,58,81,11,0,7,1,33,54,1,N/A,2,17,1,17,30,35,26,4,8,53,9,16,3,8,6,67,53*,17,2,7,21,36,29,14,21,0,23,36,2,0,39,5,31,-1,26,5,22,0,24,21,33,0,4,6,42,48,25,2,0,33-34,40,12,15,69,0,4,6,5,23,33,33,65,11,17,5,2,13 points,4,1,0,82,14,72,12,1,1,9,37,12,3,39,39,11,NULL,4,5,91,2,7,0,0,0,15,60,0,25,6,80,4,7*,3,1,1,61,5,32,23,25,2,5,45,48,39,5,8,0,-1,30,11
Georgia,TRUE,TRUE,TRUE,TRUE,Friendly & Conventional,Moderate/Low,63.5,200,45,38,0,Swing State,unknown,11029227,69021,38.5,34.3,11.5,15.2,13.6,26.8,18,53,15,11,3,60,27,5,"6,0",2,4,4,43,34,15,37,37,14,3,9,59,11,17,8,91,6,26,42,4,22,10,1,24,61,4,23,10,53,8,6,13,about 0,33,39,15,64,12,16,6,2,12,24,33,25,6,24,54,16,2%,4,2,6,36,35,21,48,26,1,18,7,51,16,5,4,unknown,10,12,34,37,7,17,29,25,19,10,32,28,7,22,11,7,"7,0",17,16,53,34,6,29,28,3,21,75,1,1,2,29,38,4,020,9,34,17,11,31,7,9,10,30,12,39,10,7,17,54,about 12,10,4,69,16,1,2,75,11,7,5,19,11,41,13,16,30,8%,14,16,32,15,28,20,7,30,19,23,10,43,5,42,22,9,?,0,12,5,60,20,3,18,3,24,3,52,0,43,8,18,"31,0",15,6,8,20,51,25,13,27,35,0,43,11,19,9,18,22,07,3,55,13,18,14,26,25,17,27,44,0,20,9,25,5,60,,6,72,8,4,15,1,21,13,16,6,44,77,0,11,3,9%,46,3,46,0,5,2,3,2,62,31,44,14,19,10,13,24,?,0,55,12,15,3,1,40,41,98,0,0,2,0,17,12,56,8 (est.),7,10,57,15,18,0,100,0,0,0,0,48,29,10,7,06,25,4,67,2,2,7,53,16,16,8,9,44,8,11,28,20,,18,12,9,7,15,49,3,26,38,11,6,12,33,42,29,8,2.00e+1,1,2,4,13,27,54,44,20,22,2,12,6,1,2,3,?,37,5,29,22,7,89,1,7,2,1,43,18,11,12,16,7,50 (est.),17,17,9,3,30,4,60,3,5,36,34,14,11,5,30,58,"4  ",3,55,37,3,2,3,6,9,8,75,2,39,4,11,7,,68,7,17,5,3,29,18,24,8,21,17,6,46,21,10,7,1.00e+1,55,6,22,1,66,25,8,0,2,8,4,80,6,14,61,10,501,11,21,17,12,4,46,48,6,22,8,16,0,0,27,21,52 (est.),89,5,0,5,1,28,39,1,29,3,15,3,19,35,28,24,"4  ",8,42,22,8,2,8,7,75,45,20,2,9,24,33,33,10,unknown,0,33,13,2,0,52,4,22,42,29,3,33,2,20,20,2.50e+1,0,4,7,44,45,23,2,0,28,47,12,13,71,0,4,7,131,27,33,28,67,11,15,5,2,18,4,1,0,77,14,71,12,about 2,1,9,32,14,5,40,38,11,43,4,4,92,2,6,0,"0  ",1,18,51,0,30,5,80,7,5,3,1,1,62,4,32,21,unknown,3,8,42,43,47,4,6,0,61,26,13
Hawaii,FALSE,FALSE,TRUE,FALSE,Covnentional & Duty-Bound,Moderate/Low,70,200,45,38,2,Solid Blue,3.5,1435138,69021,38.5,34.3,11.5,15.2,13.6,26.8 minutes,22,45,17,12,4,65,18,6,9,2,4,31,25,26,14,N/A,45,14,3,8,40,16,23,14,7,2,3,54,1,40,8,2,10*,75,5,12,22,43,12,11,16,0,22,22,40,49,9,35,6,-1,25,20,33,18,4,43,46,8,1,2,2,5,20,54,19,49-50,14,0,25,12,51,14,10,12,13,25,18,17,24,16,20,27,20 points,19,14,15,16,4,17,48,17,7,13,22,41,31,5,32,29,NULL,21,71,1,2,5,42,24,3,27,4,7,26,5,44,18,6*,6,22,8,58,12,3,27,51,7,11,8,69,11,1,1,68,-1,9,12,17,13,39,11,20,32,9,27,22,10,8,25,21,8,TBD,23,6,3,68,0,77,8,13,1,1,2,18,0,1,79,12 points,5,33,3,47,0,3,9,12,76,15,2,10,24,49,24,10,NULL,39,0,50,9,15,8,18,15,5,0,69,11,18,8,37,23,<14,41,37,0,22,0,53,2,41,1,3,91,0,9,0,0,-1,0,0,0,98,100,0,0,0,0,46,2,48,0,4,5,9,TBD,16,64,79,0,21,0,0,0,0,38,62,0,14,0,0,40,46.00,100,0,0,0,0,12,21,50,9,8,0,0,0,0,0,NULL,0,0,0,0,49,32,11,3,5,24,3,67,2,4,2,42,<42,8,6,3,41,10,23,23,33,33,20,7,7,11,24,41,5,+19,34,14,8,9,35,44,24,10,22,0,2,3,11,33,51,TBD,12,8,1,16,15,0,0,6,79,44,5,36,11,4,80,2,4.00,11,3,47,21,8,13,11,25,32,17,17,9,2,12,46,39,—,10,34,42,8,6,5,21,49,3,22,60,31,3,3,3,<7,5,5,81,2,40,6,10,7,37,64,10,16,6,4,19,2,+42,7,30,3,1,43,30,23,20,21,31,8,20,1,71,25,3,N/A,1,6,3,85,5,12,42,26,5,15,10,23,33,3,31,56.00,29,10,0,5,0,0,22,23,55,79,9,1,9,2,23,50,—,20,5,11,10,16,49,14,57,4,9,16,14,13,2,7,32,46-47,24,38,2,9,27,44,25,13,18,0,2,83,2,0,13,+0,27,35,28,10,6,0,58,25,11,0,4,8,53,35,24,1,N/A,21,54,9,22,68,0,1,6,7,21,33,33,55,13,17,12,3*,14,8,2,0,76,10,76,12,1,1,13,31,12,3,41,—,13,37,4,5,89,5,6,0,0,1,18,64,0,17,9,77,0-1,6,8,1,0,40,41,18,17,18,0,15,50,53,33,8,6,0 points,70,21,9
Idaho,FALSE,FALSE,NO,FALSE,Conventional & Duty-Bound,Moderate/Low,44.4,200,45,58.3,0,Solid  Red,3.5,1964726,69021,38.5,34.3,11.5,15.2,13.6,26.8,24,46,12,11,7,69,14 (est.),5,8,4,8,6,46,26,14,19,51,13,6,11,49,22,12,"12  ",5,3,15,55,3,24,13,2,22,56,7,17,13,38,26,6,unknown,5,24,23,25,64,12,17,6,1,16,30,42,7,5,24,5.70e+1,12,2,5,4,4,36,40,16,58,18,1,16,7,47,30,5,281,8,6,14,16,31,33,13,26,19,23,19,33,39,5,15,8,about 16,5,7,13,59,24,8,34,30,4,23,69,1,2,5,53,"17  ",1,23,6,14,31,2,38,15,11,12,29,15,33,15,7,19,unknown,7,11,3,77,8,1,3,68,7,8,14,11,11,35,17,26,"35,0",12,19,21,13,19,29,7,11,34,25,21,1,50,3,55,721,32,1,0,21,24,1,1,53,11,0,2,0,87,0,13,24,about 23,40,13,5,14,16,52,28,16,27,28,1,48,9,14,9,20,15%,8,4,63,10,23,14,31,23,9,20,46,0,19,15,22,unknown,64,3,8,69,17,0,14,0,3,0,0,0,97,80,0,10,"0,0",10,33,4,57,0,6,5,10,8,18,59,60,0,13,12,15,00,0,0,100,0,10,0,0,49,41,100,0,0,0,0,12,about 14,58,8,8,0,55,45,0,0,0,0,0,0,0,37,22,11,5%,25,21,4,64,4,7,3,67,11,10,9,10,42,5,11,32,?,44,18,7,6,13,26,23,11,27,78,9,3,1,9,27,"35,0",20,17,1,22,3,9,39,27,36,29,7,4,24,16,3,3,06,72,39,4,18,33,6,82,5,10,2,1,39,14,13,21,13,,52,18,18,6,4,27,6,59,4,5,39,35,14,7,9,34%,49,5,3,57,34,3,3,3,5,6,8,78,3,35,3,11,?,44,69,6,16,6,3,25,18,28,8,21,15,7,45,23,10,11 (est.),13,50,9,17,3,54,29,14,0,8,10,4,68,10,20,054,7,7,12,38,18,11,4,29,55,9,23,2,11,0,0,33,,53,89,3,0,5,3,14,19,2,63,2,17,3,3,32,45,4.50e+1,4,6,19,26,4,6,24,9,57,32,21,1,5,41,28,?,9,26,0,20,19,10,0,51,7,12,24,40,17,64,0,7,9 (est.),20,0,4,19,43,34,26,1,0,31,42,8,14,76,0,2,"10  ",8,25,27,30,56,21,18,4,1,26,7,2,0,65,13,,15,1,1,10,28,7,2,53,51,14,25,4,6,88,3,8,1.00e+0,0,0,15,52,0,33,3,62,0,3,32,1,1,64,7,27,271,24,0,4,61,25,68,4,3,0,66,23,11
Illinois,TRUE,TRUE,0,TRUE,Conventional & Duty-Bound,Moderate/Low,51.8,200,45,38,0,Solid Blue,3.5,12549689,69021,38.5,34.3,11.5,15.200,13.6,26.8,29,37,14,13,7,65,21,4,7,3,4,3,46,33,—,29,40,18,5,8,33,26,22,13,6,5,14,47,4,30,6,1-2,21,66,6,27,16,44,7,6,10,0,28,39,23,73,9,+14,3,1,15,29,38,13,5,19,56,19,2,4,14,6,33,34,N/A,47,29,1,17,6,48,26,6,4,16,6,57,10,15,12,14,33*,15,21,17,47,25,5,13,10,6,5,21,11,57,39,4,—,27,2,19,77,1,1,2,38,25,3,28,6,16,31,5,35,13-14,6,12,31,13,38,11,3,18,62,6,8,4,69,17,2,1,74 points,10,8,7,15,11,41,12,21,33,11,22,20,14,15,29,N/A,8,22,17,24,10,46,3,66,19,11,3,1,72,8,3,2,15*,7,4,8,2,79,2,21,12,27,38,21,7,9,21,42,30,-1,20,30,0,46,10,16,9,19,17,8,3,61,11,19,13,26-27,27,15,20,48,0,21,11,22,5,64,3,6,73,12,5,10,0 points,23,14,12,7,44,72,2,14,3,9,37,3,55,0,5,4,NULL,5,26,58,47,13,18,9,13,17,11,4,57,11,16,3,1*,42,38,98,1,0,1,0,12,13,59,9,7,10,54,25,11,-1,60,0,40,0,0,45,30,13,5,7,24,4,66,2,4,5,TBD,15,11,23,7,45,8,11,29,24,36,25,10,5,14,23,37 points,3,23,76,5,3,3,13,46,23,9,21,1,1,3,11,32,NULL,56,13,9,3,19,6,2,2,4,86,39,4,36,16,5,91,<3,4,1,1,46,14,10,18,12,7,52,18,16,7,3,29,-1,61,3,5,28,45,13,9,6,29,60,3,2,57,36,3,2,TBD,6,8,8,75,3,36,4,10,6,44,63,7,22,5,3,30,15.00,25,10,20,12,5,53,18,12,8,8,62,6,16,1,68,NULL,4,0,2,6,7,77,8,14,55,12,6,13,37,20,13,4,<26,62,7,20,4,7,0,0,27,22,51,86,6,0,6,2,44,+34,1,17,4,18,2,9,43,28,31,5,8,42,14,3,0,TBD,7,69,45,22,2,8,23,33,38,9,20,0,20,13,2,0,65.00,15,24,35,22,4,40,0,21,18,21,0,5,9,40,46,24,—,0,33,41,12,16,68,0,4,6,7,27,30,30,58,12,<24,5,1,18,4,2,0,76,16,72,11,1,0,9,29,12,5,+45,42,13,37,4,4,90,2,8,0,0,2,17,51,0,30,5,N/A,4,5,5,1,1,62,5,31,23,25,3,7,42,38,53,4.00,5,0,63,24,13
Indiana,TRUE,FALSE,FALSE,TRUE,Conventional & Duty-Bound,Moderate/Low,51.7,200,45,038,0,Swing State,3.5,6862199,69021,38.5,34.3,11.5,15.2,13.6,26.8,33,44,11,8,4,,17,4,8,2,3,2,59,25,11,31,43,14,3,9,46,21,2.40e+1,5,4,3,23,41,4,29,7,1,20,68,4,25,11,45,?,6,18,0,31,31,20,77,9,9,4,1,12,26,45,11,6,16 (est.),62,18,2,2,17,4,26,38,15,50,28,0,17,5,49,29,"7  ",3,12,7,19,14,28,32,15,33,13,21,18,31,32,9,,9,5,4,10,12,69,28,6,28,36,2,20,75,2,1,2,3.50e+1,29,3,26,7,17,30,4,40,9,10,13,32,14,31,8,4,281,62,10,8,3,71,17,1,1,83,7,4,5,12,9,41,12 (est.),26,26,10,21,26,17,17,29,13,6,35,25,20,7,45,3,"59  ",27,9,4,1,73,9,12,1,5,3,3,39,1,54,0,21,unknown,28,38,18,7,10,25,40,28,16,26,30,0,43,10,18,8.00e+0,21,18,10,5,56,11,17,14,33,22,14,20,46,0,22,12,531,4,72,2,6,71,10,4,15,0,25,17,10,9,39,80,0,about 10,0,10,39,4,51,0,6,4,7,6,27,56,48,11,18,"8  ",15,20,12,0,56,12,12,4,0,40,44,99,0,0,1,0,unknown,10,62,8,7,10,71,19,0,0,0,0,0,0,0,45,31,"10,0",7,7,22,4,68,2,4,5,53,18,11,13,6,44,7,271,32,21,33,30,11,5,12,17,32,4,35,48,10,7,9,26,about 43,24,10,22,1,3,3,10,36,48,46,16,14,4,20,8,2,2%,4,84,32,4,38,20,6,91,2,4,2,1,43,13,11,unknown,11,6,51,18,18,7,3,31,4,58,4,5,33,37,15,10,"6,0",31,56,4,3,54,37,4,3,2,5,9,9,74,3,36,4,011,5,44,69,7,16,5,3,28,19,27,7,19,16,7,49,about 19,9,7,9,63,5,16,1,71,25,3,0,3,7,9,73,8,14%,58,8,6,14,31,19,13,5,32,58,7,21,5,9,0,0,?,16,52,89,6,1,3,1,31,40,1,23,5,17,2,7,"38,0",36,31,7,8,42,12,5,0,20,8,67,47,21,1,11,20,020,44,8,28,0,22,12,1,0,65,21,22,34,20,3,36,0,,16,32,0,5,9,47,39,25,1,0,27,47,9,13,74,0%,4,9,9,28,27,27,58,14,23,4,1,19,4,2,0,75,?,73,12,1,0,9,26,11,4,50,44,14,33,4,5,88,4,8 (est.),0,0,1,19,47,0,33,5,81,5,3,6,2,1,59,05,33,15,28,2,6,49,26,68,2,4,0,63,25,12
Iowa,FALSE,FALSE,FALSE,FALSE,Friendly & Conventional,Moderate/Low,47.8,200,45,38,0,Swing State,3.5,3207004,69021,38.5,34.3,<11.5,15.2,13.6,26.8,38,42,11,6,3,74,13,3,8,2,4,3,58,+24,11,23,48,16,4,9,34,18,38,5,5,2,20,37,5,TBD,7,2,25,61,5,26,12,38,18,6,18,1,28,36,17,75,8.00,11,5,1,11,31,43,9,6,27,52,17,2,2,6,6,36,—,14,58,20,0,16,6,52,30,4,3,11,9,17,12,31,<31,11,32,19,19,19,27,35,9,18,11,6,5,8,12,69,24,+6,29,39,2,18,74,4,1,3,41,23,3,26,7,10,29,2,N/A,11,10,12,33,17,28,9,3,17,64,7,8,3,73,13,3.00,1,71,11,6,11,11,11,38,16,24,34,14,21,17,14,12,—,9,8,43,32,14,4,47,3,65,18,11,5,1,85,10,1,1-2,3,6,8,14,3,69,0,19,14,24,43,17,6,10,25,+42,31,14,25,30,0,48,9,16,9,18,13,6,3,71,7,16,N/A,30,30,10,17,50,0,21,12,25,2,66,2,5,81,13,0,6*,0,20,9,12,0,59,83,0,10,0,7,37,3,52,0,—,4,7,5,20,64,51,12,19,0,18,0,0,0,100,0,16,5-6,0,35,44,100,0,0,0,0,9,10,64,8,9,0,100,0,0 points,0,0,0,0,0,0,46,29,10,7,8,22,5,68,2,N/A,3,46,15,10,26,7,43,7,10,33,19,37,31,7,6,11,22*,24,4,39,60,9,6,5,20,45,23,11,20,1,7,3,18,-1,39,39,18,14,6,23,8,2,4,4,82,38,4,32,20,6-7,83,10,5,1,1,36,14,12,26,12,8,48,20,16,8,4,29 points,5,59,3,4,33,40,14,9,6,28,60,4,2,60,32,3,NULL,2,6,8,9,73,4,34,3,12,7,44,67,7,18,5,3*,26,19,26,8,21,14,6,50,20,10,8,9,58,9,16,1,-1,21,12,0,5,8,6,70,11,17,53,10,7,13,41,19,10,TBD,27,63,7,18,3,9,0,0,27,15,58,93,3,0,3,1 points,33,39,1,23,4,18,2,5,38,37,27,7,7,40,19,4,NULL,48,6,42,50,19,1,8,22,19,53,7,21,0,19,11,0,<0,70,21,21,29,25,4,61,0,8,7,24,0,6,9,49,-1,27,2,0,30,41,8,13,76,0,3,8,10,27,27,28,53,TBD,20,4,1,23,5,2,0,70,13,73,12,1,1,8,27,9,3.00,53,46,14,31,4,5,87,4,9,0,0,0,17,46,0,NULL,7,79,4,4,6,2,1,58,5,34,14,26,3,3,54,24,<71,2,3,0,65,22,13
Kansas,FALSE,FALSE,FALSE,FALSE,Friendly & Conventional,Moderate/Low,54.3,200,45%,38,0,Soild Red,3.5,2940546,69021,38.5,34.3,11.5,15.2,13.6,26.8,31,39,15,11,?,64,20,4,9,3,3,5,44,31,17,26,47,13,5,9,"41,0",21,17,15,6,6,15,37,5,37,10,3,21,61,5,17,14,050,10,9,17,0,28,36,19,67,12,16,4,1,20,28,34,9,,18,59,16,3,4,5,9,20,45,21,52,22,2,18,6,56%,25,4,3,12,6,33,13,26,22,14,36,12,21,17,47,37,?,8,4,12,15,16,16,41,29,6,25,30,10,18,74,4,1,3 (est.),36,27,3,27,7,14,26,3,45,12,6,16,28,17,33,07,2,28,56,7,10,6,69,14,1,5,72,11,6,6,15,10,,15,21,36,11,20,21,12,13,23,13,5,46,25,25,3,44,3.00e+0,45,17,12,24,2,63,14,6,6,11,4,4,9,1,82,?,13,11,50,26,27,2,3,30,38,26,23,22,29,0,47,10,15 (est.),8,20,16,7,4,63,10,20,13,25,29,13,21,48,0,19,"12  ",22,3,67,2,6,73,18,3,6,0,26,17,17,0,40,,0,12,0,6,41,3,52,0,4,3,11,2,26,58,48,11,1.50e+1,9,17,0,0,0,100,0,12,6,0,41,41,99,0,0,1,11,6,9,74,6,5,0,100,0,0,0,100,0,0,0,0,50 (est.),29,10,5,6,25,5,64,3,3,5,49,18,13,15,9,41,"7  ",14,29,21,41,22,9,7,12,15,32,6,35,59,11,6,7,unknown,57,22,7,13,1,6,3,12,28,51,46,21,14,4,15,1.20e+1,2,3,4,79,37,4,29,20,10,87,4,6,2,1,41,20,211,17,11,11,50,20,13,6,3,24,4,66,3,5,31,42,14,about 8,6,32,55,4,3,55,36,4,3,2,6,9,8,74,3,"33  ",4,13,7,43,71,6,15,5,3,29,15,27,8,21,20,7,unknown,21,12,10,13,47,15,15,1,69,24,6,0,4,10,6,72,"8,0",22,49,9,6,14,32,21,13,4,30,56,6,24,5,9,11,0,34,26,40,87,4,0,4,5,31,34,2,27,6,17,3,about 4,38,38,39,6,9,30,16,3,0,9,5,83,69,14,1,3,13%,37,39,7,17,0,15,16,4,0,65,8,29,29,31,3,unknown,0,11,65,13,0,5,9,52,34,24,1,0,32,43,15,13,"70,0",0,2,4,5,48,28,15,60,15,18,5,2,18,4,3,0,075,22,65,12,1,0,14,23,9,5,49,46,10,36,3,5,about 97,1,2,0,0,0,29,48,0,23,6,75,7,4,8,2,1,59%,8,30,14,31,4,8,43,45,46,5,4,0,66,14,20
Kentucky,FALSE,FALSE,FALSE,TRUE,Conventional & Duty-Bound,Moderate/Low,55.6,200,45,38,0,Solid Red,3.5,4526154,69021,38.5,TBD,11.5,15.2,13.6,26.8,44,36,11,7,2,69,17,4,8,2,0,0 points,92,5,3,30,43,14,3,10,46,23,16,9,6,3,22,40,NULL,33,7,2,22,66,3,22,9,48,17,4,20,1,31,33,15,<75,7,11,5,2,11,26,45,12,6,13,58,25,1,3,6,-1,27,42,18,51,25,0,19,5,49,25,5,3,18,8,17,19,TBD,21,15,35,14,22,14,28,29,11,20,12,5,6,12,11,66,27.00,6,29,36,2,20,74,1,2,3,25,44,3,19,9,24,NULL,4,39,8,10,12,28,14,36,8,8,15,56,13,7,3,70,<19,1,0,94,2,2,2,15,11,41,15,18,27,11,20,24,18,+22,28,12,7,31,28,19,6,43,4,49,26,15,8,2,34,TBD,40,8,10,2,3,45,2,48,0,24,15,27,34,18,6,10,21.00,45,26,14,30,30,0,46,10,17,9,18,19,9,4,56,12,—,13,34,22,13,22,48,0,22,8,20,4,70,2,4,71,<10,0,19,0,25,21,0,6,48,81,0,10,0,9,40,4,49,+0,7,5,7,5,32,51,44,14,15,10,17,31,0,0,69,0,N/A,5,0,44,37,99,0,0,1,0,17,9,61,6,7,0,73.00,27,0,0,0,0,0,0,0,47,29,10,8,6,26,5,64,—,3,5,59,17,10,9,6,43,8,11,32,17,50,19,9,5,18-19,12,31,4,35,56,9,5,8,22,46,25,10,18,1,5,+3,11,34,47,38,19,25,4,14,8,2,2,3,85,29,3,44,N/A,4,90,1,6,2,1,43,12,12,19,14,7,47,19,19,8,4*,29,4,59,4,4,31,37,15,13,6,31,56,4,3,55,—,3,3,3,6,9,10,71,4,33,5,11,6,45,71,6,15,5-6,3,26,21,27,7,19,17,7,44,21,11,8,10,61,5,16,1 points,70,26,3,0,4,8,6,72,10,17,54,9,6,14,26,N/A,14,5,35,50,7,23,8,12,0,0,28,17,55,92,5,0,2*,1,31,38,1,25,5,15,2,9,39,35,25,4,7,51,13,-1,0,11,7,75,50,15,1,12,22,23,37,9,31,0,24,12-13,2,0,62,7,24,42,24,3,40,0,17,14,29,0,4,7,47 points,42,25,1,0,29,45,10,11,75,0,4,9,8,30,29,24,NULL,15,17,4,1,19,5,2,0,74,13,74,11,1,1,7,25*,11,5,52,46,12,34,3,5,88,4,8,0,0,0,18,49,-1,33,4,83,5,3,5,2,2,55,4,37,12,28,3,5,52,TBD,72,2,3,0,60,26,14
Louisiana,TRUE,FALSE,TRUE,TRUE,Conventional & Duty-Bound,Moderate/Low,66.4,"200,0",45,38,0,Solid Red,3.5,4573749,69021,38.5,34.3,11.5,15.2,13.6,26.8,20,50,231,7,2,60,25,5,8,2,3,3,36,41,17,36,42,11,2,about 9,56,12,21,7,4,5,13,52,5,25,9,5,32,50,4,14,11%,60,10,5,16,1,36,30,17,68,8,17,5,2,8,16,unknown,47,7,30,48,19,1,2,2,9,24,42,23,51,27,1,16,"5,0",26,8,3,0,63,8,16,31,37,8,6,47,41,4,2,38,024,8,22,8,5,5,20,12,58,26,9,32,29,4,16,74,about 6,1,3,25,44,3,16,12,32,14,11,36,7,10,13,27,12,38%,11,4,18,56,11,9,4,73,13,1,0,87,5,3,5,25,?,41,12,13,36,8,16,20,20,10,20,32,7,31,33,18,"3,0",44,2,31,20,7,40,2,5,38,25,16,16,9,3,10,4,074,0,28,11,27,34,23,4,12,20,41,27,13,29,31,0,40,,19,10,20,21,9,3,55,12,15,14,28,26,17,26,43,0%,20,11,25,5,63,2,5,62,12,7,19,0,24,14,15,0,?,84,0,8,0,8,43,3,49,0,5,3,4,2,54,37,41,11 (est.),25,9,14,29,0,0,56,15,15,4,0,40,41,99,0,00,1,0,13,11,62,7,7,19,60,21,0,0,0,0,0,0,,47,29,9,9,6,24,4,68,2,2,16,50,18,9,7,7,4.20e+1,8,11,32,19,32,22,16,11,10,16,41,4,29,13,4,?,3,78,51,24,8,16,1,4,4,11,27,54,47,17,17,4,15 (est.),6,1,1,3,89,36,6,28,24,6,89,1,7,2,1,31,"8  ",6,8,47,8,46,18,19,9,5,29,5,58,3,4,23,,14,8,5,30,58,4,3,55,36,3,3,3,7,10,9,71,3.00e+0,32,5,15,7,41,69,7,16,5,3,27,18,22,17,16,18,101,42,22,12,12,14,49,7,18,1,71,26,2,0,4,9,4 (est.),75,8,13,52,21,5,9,40,18,13,4,25,69,2,13,8,"8  ",0,0,22,15,63,95,2,0,2,1,35,39,0,21,5,19,unknown,21,31,27,20,4,7,54,15,5,12,10,5,68,53,15,1.00e+0,8,23,33,30,12,25,0,31,17,0,0,52,3,22,40,35,181,37,0,17,25,21,0,3,5,47,45,25,1,0,31,43,11,about 11,75,0,3,9,6,27,32,26,72,9,13,4,2,18,4,"2  ",0,76,17,68,12,2,1,8,30,14,3,45,45,10,37,4,unknown,91,3,6,0,0,0,21,49,1,29,7,81,5,2,5,2,"1,0",57,4,36,24,27,5,6,38,40,48,5,7,0,59,27,201
Maine,FALSE,FALSE,TRUE,FALSE,Friendly & Conventional,Moderate/Low,41,200,81.5,38,0,Swing State,13.4,1395722,N/A,38.5,34.3,11.5,15.2,13.6,26.8,21,31,15,14,19,65,17,3,8,7,6*,8,46,21,19,26,41,16,9,8,31,22,24,16,7,3,34,-1,4,11,9,2,16,68,5,54,11,16,11,8,20,12,24,30-31,14,80,5,9,5,1,8,30,34,24,4,15,62,17,3,3,1 points,6,45,34,14,54,33,0,10,3,36,36,4,16,8,79,4,NULL,6,5,19,23,5,19,34,20,34,11,16,19,16,7,11,16*,50,34,3,25,34,4,26,71,0,1,2,37,21,1,34,7,-1,38,3,33,17,7,17,24,9,43,9,4,19,62,6,10,2,TBD,21,2,4,50,30,8,8,10,10,27,8,45,39,20,20,13 points,8,16,36,11,9,28,26,17,18,36,3,24,62,11,3,0,NULL,36,7,16,23,7,14,43,5,31,0,10,24,29,37,24,6,<17,19,34,24,10,38,28,0,53,9,12,9,17,18,9,0,-1,13,26,18,24,22,10,18,43,0,25,14,15,4,74,0,7,TBD,0,0,17,0,0,30,0,0,70,100,0,0,0,0,31,3,60.00,0,6,4,9,5,19,63,66,17,17,0,0,0,0,0,NULL,0,24,0,0,50,26,100,0,0,0,0,11,14,56,10,9,<0,100,0,0,0,0,0,100,0,0,43,31,10,10,6,18,3,+56,1,22,5,45,20,16,14,5,37,7,19,32,29,36,22,TBD,4,22,17,23,5,33,31,10,25,10,24,19,61,7,12,1,4.00,3,24,32,37,40,21,9,4,26,10,3,4,6,77,35,6,—,29,10,91,2,4,2,1,41,14,13,24,8,11,41,16,<25,7,3,25,4,63,5,7,33,37,13,10,9,34,50,4,3,+57,33,3,3,4,11,11,14,60,4,33,5,12,6,44,66,9,N/A,6,3,28,18,28,7,19,10,4,49,26,11,8,10,56,4.00,22,1,29,9,61,0,2,4,7,78,9,9,36,6,6,43,—,9,4,2,13,61,9,19,3,8,0,0,24,18,58,91,4,0-1,3,2,29,25,1,41,4,16,2,7,40,35,28,4,5,+35,28,4,1,56,4,35,37,21,0,6,36,19,49,5,27,0,N/A,7,32,0,50,6,34,40,20,0,80,0,10,4,6,0,6,17*,39,38,30,2,0,31,37,7,13,76,1,3,11,11,25,—,24,48,19,27,5,1,26,9,3,0,62,13,75,11,1,0,10-11,16,7,5,62,48,17,26,3,6,82,6,11,1,0,0,17,45 points,0,38,6,71,11,3,9,2,1,55,8,34,15,24,0,N/A,61,23,71,2,4,0,68,20,12
Maryland,FALSE,FALSE,TRUE,TRUE,Conventional & Duty-Bound,Moderate/Low,54.2,200,45,38,0,Solid Blue,3.5,6180253,69021,38.5,34.3,11.5,15.2,13.6,26.8,23,"39  ",14,17,7,57,26,5,9,3,4,4,41,38,13,28,46,14,unknown,8,36,22,22,15,5,6,17,51,4,22,7,2,23,64,4.00e+0,58,10,24,4,4,16,1,34,33,16,68,8,18,5,1,11,391,27,31,6,29,51,15,2,3,1,8,44,30,17,51,25,0,about 19,5,51,21,7,4,17,21,19,22,30,8,55,17,9,11,"8  ",25,27,9,21,18,8,8,17,12,55,34,4,28,31,3,17,unknown,0,10,1,34,26,5,29,6,15,30,11,32,12,8,11,30,"12,0",39,8,6,18,59,9,9,4,68,17,2,2,76,7,9,171,16,12,41,10,21,35,10,17,14,24,13,28,27,8,24,18,about 29,11,37,5,45,46,6,3,0,8,29,38,16,9,1,29,66,0%,4,0,34,9,22,35,15,9,11,21,44,24,13,28,35,unknown,43,11,19,9,18,17,8,3,60,12,32,12,21,22,13,25,"43,0",0,22,10,37,5,49,3,6,78,4,6,12,0,27,12,16,06,39,72,0,12,0,16,42,3,49,0,6,4,7,6,34,about 49,46,12,19,7,16,17,13,0,59,11,15,4,1,39,41,97,1%,0,2,0,12,15,54,10,9,18,46,24,12,0,100,0,0,?,0,48,30,11,5,6,28,3,63,2,4,5,55,18,11,"11,0",7,46,8,11,28,23,41,22,8,6,11,17,45,3,24,47,010,6,9,28,43,25,8,23,1,2,4,13,26,55,51,13,16,,16,4,1,1,1,93,38,6,32,18,6,93,1,4,1,1%,49,13,8,16,14,6,51,18,18,7,3,23,5,67,2,7,?,29,11,7,7,27,59,4,3,58,34,3,3,2,7,10,8,72 (est.),3,36,5,12,7,40,68,7,18,4,3,33,17,23,8,019,12,5,56,17,10,8,10,61,5,16,1,69,27,3,0,2,,4,81,7,14,61,8,5,12,31,20,14,5,30,57,9,21,4.00e+0,9,0,0,27,22,51,87,5,0,6,2,34,40,1,20,?,17,2,14,37,30,34,5,9,34,18,3,16,8,6,67,39,33 (est.),1,6,21,34,27,11,28,0,26,14,5,0,55,4,24,46,"23  ",3,24,0,31,25,20,0,5,9,45,41,27,1,0,31,,10,14,71,0,5,6,7,27,31,29,61,10,22,5,2,15,4.00e+0,2,0,79,12,72,15,1,0,11,29,13,4,43,45,9,38,81,4,92,2,6,0,0,1,17,53,0,29,4,81,4,6,5 (est.),1,1,63,5,30,20,35,2,7,36,45,44,4,7,0,60,"26  ",14
Massachusetts,TRUE,FALSE,TRUE,FALSE,Friendly & Conventional,High,47.9,200,45,38,0,Solid Blue,3.5,—,69021,38.5,34.3,11.5,15.2,13.6,26.8,19,31,16,16,18,64,21,4,7,4-5,5,6,37,35,17,29,35,17,10,9,35,23,18,16,8,+7,12,53,5,23,5,1,15,75,4,47,13,26,4,10,12,3,N/A,38,16,79,4,12,4,1,12,32,29,22,5,22,58,14,2,4*,2,7,50,29,12,51,32,0,13,4,39,25,5,22,9,—,10,9,9,4,18,22,11,22,27,27,27,9,18,19,14,10,23-24,16,37,35,3,25,33,4,25,73,0,1,1,41,20,1,33,5 points,10,31,4,38,17,6,19,31,11,33,14,4,20,58,4,N/A,3,67,21,2,3,67,12,12,6,12,11,38,8,31,40,13,19*,15,13,24,37,16,13,10,17,24,18,37,4,24,62,10,3,-1,10,57,6,11,16,11,15,41,4,29,0,13,13,26,48,29-30,6,10,22,33,21,11,26,42,0,48,9,15,8,20,19,9,2 points,57,13,20,15,22,31,12,22,45,0,25,8,28,5,54,3,NULL,84,5,4,7,0,25,12,9,9,45,83,0,6,3,8,42*,4,48,0,6,4,8,5,16,67,49,10,17,7,17,17,13,-1,57,13,19,5,1,35,40,96,2,0,2,0,13,17,52,11,TBD,10,50,26,14,0,0,0,0,0,0,49,30,11,4,6,28 points,4,61,2,5,5,49,18,16,12,7,42,8,18,25,25,40,NULL,8,5,15,19,33,4,29,31,12,11,11,35,39,31,8,21,<1,1,2,27,26,44,53,14,10,4,19,7,3,3,4,83,-1,5,31,19,8,89,6,3,1,1,42,15,15,17,11,9,50,TBD,19,6,3,22,4,68,3,6,33,41,13,7,6,31,54,3,6.00,59,33,3,3,2,9,16,11,60,4,36,5,11,7,41,NULL,7,19,4,2,31,14,25,7,23,9,4,56,20,11,8,9,<61,4,18,1,70,25,4,0,1,4,17,72,6,13,54,8,9,+16,74,9,6,1,10,62,9,21,2,6,0,0,27,25,48,TBD,7,1,9,3,43,28,1,23,5,19,2,8,42,29,38,5,7.00,34,16,7,1,18,9,65,32,35,2,5,26,36,32,9,23,—,12,13,22,0,53,5,38,30,21,6,51,0,20,19,10,<0,4,13,36,47,28,1,0,32,39,11,17,69,0,3,6,6,+25,34,29,59,11,22,6,2,16,5,1,0,78,13,75,11,1,N/A,12,29,11,5,43,41,13,37,4,5,91,4,5,0,0,0.00,17,61,1,21,8,77,5,4,6,1,1,63,6,29,21,24,—,8,44,48,42,4,6,0,67,20,13
Michigan,TRUE,FALSE,FALSE,FALSE,Conventional & Duty-Bound,Moderate/Low,44.4,170,45,38,0,Swing State,3.5,10037261,69021,38.5,34.3,11.5,15.2,13.6,26.8,2.90e+1,43,10,9,9,70,16,4,7,3,4,3,58,25,10,29,?,14,8,8,45,26,15,7,7,4,22,46,3,25,6,2,25,63 (est.),4,32,10,38,13,7,16,2,29,31,22,75,7,12,5,1,"11  ",29,42,11,7,18,61,17,2,2,3,8,38,36,15,57,,0,17,5,48,29,5,4,14,10,23,21,24,22,14,29,11,2.20e+1,24,32,33,8,19,8,5,3,31,9,52,30,5,30,33,2,261,75,0,1,2,40,25,2,28,5,19,31,5,36,9,7,17 (est.),28,14,34,10,4,19,61,6,10,3,72,13,2,4,76,6,"6  ",8,12,9,35,12,32,30,11,20,27,12,18,36,15,7,24,unknown,19,6,44,5,59,29,9,2,1,77,10,1,6,6,12,6.20e+1,12,2,12,0,22,17,29,32,18,8,10,25,39,30,14,27,441,0,44,10,19,8,19,18,9,3,60,10,20,14,30,23,13,about 22,43,0,23,12,17,4,69,3,7,69,12,5,14,0,24,"12  ",12,9,43,73,0,15,2,10,39,3,51,0,7,4,8,5,unknown,58,47,12,17,8,16,22,12,0,57,9,17,5,1,38,39,"98,0",0,0,2,0,12,11,58,10,9,11,57,25,7,0,100,1001,0,0,0,44,28,12,8,8,22,4,67,2,5,6,46,19,about 12,17,7,42,7,11,33,21,46,21,8,4,20,20,32,3,25,57%,7,13,5,18,38,32,9,20,1,4,3,16,35,42,47,unknown,9,5,22,7,2,2,3,86,33,5,30,24,8,90,3,5,"1,0",1,37,13,11,28,11,6,52,18,17,7,3,28,3,63,3,04,28,48,11,9,6,31,57,4,2,56,36,3,2,3,7,about 9,9,72,3,36,4,11,6,43,63,8,21,5,3,28,18,27,6%,21,12,5,54,20,9,7,8,61,4,20,1,47,49,3,0,?,7,8,73,9,14,58,8,7,13,48,17,10,3,22,62,"8,0",20,3,7,0,0,27,17,56,89,6,0,3,2,29,43,1,023,4,19,2,8,41,30,37,5,8,33,17,2,0,45,5,48,,20,2,7,25,18,48,7,27,0,23,17,2,0,58,11,25%,36,23,5,56,0,15,11,18,0,5,10,46,39,26,2,0,?,40,9,13,74,0,4,8,10,26,29,27,58,15,21,5,1,19 (est.),4,3,0,74,14,71,14,1,0,9,26,10,5,50,45,014,34,3,4,89,4,7,0,0,1,17,53,0,29,5,76,4,,12,2,1,58,5,34,14,24,4,7,51,25,68,3,4,0,6.40e+1,23,13
Minnesota,TRUE,FALSE,FALSE,FALSE,Conventional & Duty-Bound,Moderate/Low,41.2,200,45,38,0,Swing State,+3.5,5737915,69021,38.5,34.3,11.5,15.2,13.6,26.8,21,33,10,10,26,70,15,TBD,7,3,6,3,50,27,14,29,42,10,12,7,26,20,30,16,8.00,3,15,39,5,38,5,1,25,65,4,45,10,25,14,6,16,—,29,36,15,75,7,13,4,1,13,35,37,9,6,31,51,<14,2,2,5,5,38,37,15,54,22,0,17,7,48,33,6,3,+10,12,20,16,29,23,12,29,13,25,21,20,32,6,16,26,9,N/A,11,11,63,27,6,32,33,2,19,75,1,1,4,50,19,1.00,25,5,9,32,3,41,15,11,11,31,14,33,9,2,19,63,—,11,3,72,12,2,2,74,6,5,13,10,11,35,11,33,33,13-14,20,22,12,12,34,13,14,27,24,32,4,38,2,58,28,+10,3,1,88,8,0,1,3,11,10,29,5,45,0,14,22,31,N/A,15,9,12,21,43,31,14,28,27,0,46,8,17,10,19,12,6*,3,70,9,17,10,19,38,16,17,51,0,20,12,48,2,—,1,4,57,33,4,6,0,27,13,12,10,38,81,0,12,3,4-5,38,3,49,0,10,5,8,6,16,65,49,9,16,9,17,14,0 points,0,70,16,15,3,0,42,40,99,1,0,0,0,11,12,N/A,9,8,11,59,19,11,0,0,0,0,0,0,39,28,17,9,7*,22,4,62,4,8,5,51,20,13,11,10,41,6,11,32,45,-1,14,6,3,7,29,20,3,41,80,3,2,1,14,30,46,8-9,15,1,8,3,14,34,41,44,13,9,5,29,12,2,4,4,78 points,56,3,19,17,5,84,10,4,1,1,31,11,12,37,9,7,NULL,18,16,6,3,24,5,64,4,6,31,41,14,8,6,28,60*,4,2,56,35,3,3,3,8,10,10,69,3,34,4,11,6,-1,72,6,16,4,2,28,14,27,8,23,11,6,53,20,10,9,TBD,49,14,19,0,33,12,55,0,4,6,7,73,10,12,54,9 points,15,10,85,5,3,0,7,63,8,19,2,8,0,0,22,14,NULL,91,3,1,3,2,38,37,1,21,3,18,2,7,37,36,31,<5,8,34,22,1,0,71,3,25,23,54,1,3,19,23,43,-1,24,0,16,14,2,0,68,8,21,36,26,9,63,0,12,7,TBD,0,5,14,40,41,27,2,0,30,41,8,14,76,0,2,8,12.00,25,27,28,56,20,19,4,1,22,6,2,0,70,15,72,NULL,1,0,10,25,10,4,51,45,15,31,4,5,88,4,8,0,<0,0,20,52,0,28,6,76,5,5,8,1,1,63,6,29,13,+23,5,5,54,23,72,2,3,0,64,22,14
Mississippi,FALSE,FALSE,TRUE,TRUE,Conventional & Duty-Bound,Moderate/Low,63.4,200,45,51.2,0,Solid Red,3.5,2939690,69021,38.5,34.3,11.5,15.2,"13,6",26.8,17,54,23,5,1,63,24,4,7,2,3,3,47,32,15,035,41,12,3,9,66,8,19,4,3,4,25,46,4,21,11,5,,60,4,11,8,65,12,4,16,0,34,31,19,73,7,11,7%,2,7,18,35,34,6,19,55,23,1,2,4,6,17,48,25,?,26,1,15,4,33,16,5,1,45,7,12,38,34,9,4,78,11 (est.),5,2,38,24,7,21,10,4,4,8,12,72,24,8,35,030,3,23,66,7,1,3,18,49,4,14,15,31,13,15,34,7,,13,29,13,35,9,6,14,55,16,9,3,71,15,2,0,73,1.30e+1,6,8,23,9,38,16,14,31,10,15,21,23,12,18,25,?,39,41,16,3,38,2,25,19,9,44,3,3,12,69,12,4,11 (est.),5,21,7,56,0,33,8,21,38,23,3,8,23,43,27,15,"27  ",31,0,41,13,19,9,18,16,6,0,67,11,14,16,28,,20,23,51,0,17,9,21,3,69,3,4,63,9,7,21,0,2.60e+1,24,0,0,50,79,0,10,0,11,44,3,47,0,6,3,4,91,60,30,43,14,22,11,10,0,0,0,100,0,14,11,0,41 (est.),34,100,0,0,0,0,16,8,67,5,4,0,100,0,0,0,"0  ",0,0,0,0,47,26,10,11,6,24,5,68,1,2,11,47,unknown,10,8,6,43,8,10,33,18,32,23,18,9,11,14,43,3.00e+0,29,33,8,4,9,46,41,27,11,19,2,6,5,13,32,44,631,27,19,4,12,9,1,2,3,85,35,4,25,29,7,90,1,about 6,2,1,37,11,9,13,30,6,47,19,19,9,5,34,5,"52  ",4,4,27,39,17,13,5,30,57,5,3,51,39,4,3,3,unknown,12,11,67,3,32,5,15,6,42,76,6,12,4,2,30,21,"22,0",8,19,18,7,41,23,11,7,11,59,7,16,1,71,26,611,0,3,9,5,77,6,10,30,8,44,8,34,18,13,3,32,about 43,4,23,15,15,0,0,24,14,62,95,3,0,1,1,34,45,0%,18,3,16,2,20,31,31,17,4,8,55,16,13,3,9,unknown,70,59,11,0,8,22,27,37,10,26,0,42,11,5,0,42,"6,0",26,41,27,0,45,0,31,0,24,0,4,4,48,44,26,2,00,25,47,14,10,73,0,3,10,6,31,28,25,69,13,13,about 4,1,22,4,2,0,72,15,72,11,2,0,8,30,13,2,47,43%,13,35,4,5,91,3,6,0,0,0,17,58,0,25,5,81,?,5,4,1,1,37,2,59,16,29,6,6,43,34,59,2,"5,0",0,60,26,14
Missouri,FALSE,TRUE,FALSE,TRUE,Friendly & Conventional,Moderate/Low,55,200,45,38,0 items,Solid Red,3.5,6196156,69021,38.5,34.3,11.5,15.2,13.6,26.8,25,39,17,12,7,68,NULL,4,9,2,2,2,57,25,14,23,43,19,7,8,38,25,18,<13,6,4,18,43,4,31,8,2,29,57,4,20,11,47,17,-1,18,0,31,29,22,70,8,14,6,2,12,31,38,13,6,17,TBD,21,2,2,5,5,33,41,16,53,22,0,20,5,51,28,4,3.00,14,9,15,19,30,27,14,34,14,22,16,27,36,9,18,NULL,9,5,11,17,58,30,6,28,34,2,21,73,2,1,3,36,<27,4,24,9,16,31,5,39,9,9,12,27,13,39,8,4,18,+60,10,9,3,73,14,1,1,72,17,5,5,15,10,41,15,TBD,28,11,19,25,17,14,24,14,9,39,25,22,3,45,5,50,18.00,8,22,2,59,11,5,3,22,3,2,7,3,85,0,25,13,—,34,20,7,8,18,47,27,15,28,30,0,43,11,16,10,<20,16,9,3,61,11,18,14,28,25,15,16,53,0,20,11,21,+3,65,3,8,64,25,3,8,0,24,12,13,7,44,78,0,15,N/A,7,39,3,51,0,7,5,7,6,25,57,46,11,16,11,16.00,17,10,0,61,12,17,3,2,39,39,100,0,0,0,0,12,—,60,9,8,0,66,20,14,0,0,100,0,0,0,47,28,11,8-9,6,20,4,71,2,3,6,50,16,11,17,8,42,6,11,+33,20,35,24,12,9,12,15,29,6,38,56,10,5,6,23,37,N/A,10,19,1,5,3,11,35,46,38,16,26,4,16,10,2,2,4*,82,23,3,54,16,4,87,3,8,1,1,38,14,12,23,—,7,45,21,19,8,4,28,4,61,3,5,29,44,14,8,7,30-31,56,4,3,57,35,3,2,3,6,9,10,72,3,32,4,12,7 points,45,69,7,17,4,3,26,17,25,10,22,18,7,41,21,N/A,8,10,60,8,14,1,71,24,4,0,5,8,6,71,10,18,51*,11,6,14,31,20,13,4,32,53,6,20,10,11,0,0,29,-1,55,93,3,0,3,1,35,34,1,26,4,20,2,7,36,35-36,22,4,6,45,23,6,1,12,8,73,50,17,1,10,22,21,46 points,9,24,0,25,13,1,0,61,12,23,30,33,2,31,0,14,NULL,38,0,4,7,46,43,26,2,0,30,42,8,13,75,0,4*,9,9,28,28,26,59,18,19,3,1,22,4,2,0,72,15,-1,12,1,1,9,28,11,4,48,46,13,32,4,5,89,3,8,TBD,0,0,19,47,1,33,6,74,9,3,8,2,1,59,5,33 points,12,25,4,6,53,27,66,3,4,0,64,24,12
Montana,FALSE,FALSE,FALSE,FALSE,Conventional & Duty-Bound,Moderate/Low,42.7,200,86.2,52,0,Solid Red,12.1,1132812,69021,38.5,34.3,11.5,about 15.2,13.6,26.8,20,54,10,8,8,68,13,4,7,8,8,8,45,22,17%,19,50,13,8,10,43,25,17,8,7,2,14,54,4,26,unknown,2,21,60,5,18,16,25,35,6,25,8,26,27,14,74,7,"12,0",6,1,13,29,45,7,6,21,62,14,2,1,10,6,26,41,017,65,15,0,13,7,47,31,5,7,10,9,12,20,28,31,about 17,33,11,24,15,22,47,5,16,10,10,5,8,15,62,22,6,33%,36,3,26,62,1,1,10,43,21,1,26,9,12,33,2,37,?,10,12,34,16,28,15,6,19,52,8,11,2,79,7,1,"4,0",71,7,6,12,20,10,34,14,22,34,13,17,25,11,21,19,04,11,45,27,21,1,47,4,57,29,12,2,0,29,27,4,11,,45,2,7,0,46,0,11,25,24,40,15,10,10,19,46,41%,12,23,23,1,48,8,15,7,22,8,9,0,71,12,33,9,?,27,8,19,45,0,22,14,17,2,73,0,8,77,23,0,0,0 (est.),0,0,0,0,0,100,0,0,0,0,41,0,54,0,5,03,11,7,21,58,100,0,0,0,0,0,0,0,0,0,0,0,,68,32,100,0,0,0,0,11,7,59,13,10,0,100,0,0,0.00e+0,0,0,0,0,0,41,25,16,12,6,25,3,53,10,9,?,57,14,15,11,7,39,6,10,38,27,44,17,6,6,5,8,8 (est.),8,71,77,13,3,1,6,18,31,39,11,1,32,6,12,29,"21  ",28,42,9,4,17,15,2,5,4,74,62,3,14,16,5,,8,5,2,1,35,11,16,27,11,6,53,17,16,8,4,25,5.00e+0,62,4,4,41,36,12,7,10,29,53,5,3,54,36,3,3,61,7,8,10,72,3,31,4,13,5,47,66,8,16,7,3,22 (est.),19,30,8,21,21,6,39,24,10,8,9,42,23,18,1,60,"28  ",11,0,17,16,2,62,3,20,57,6,4,13,43,18,10,2,unknown,57,9,19,4,11,0,0,24,14,62,93,2,0,2,3,7.00e+0,10,0,82,1,19,4,4,28,45,50,2,5,13,30,5,2,731,8,38,27,17,0,4,52,35,33,7,25,0,19,29,0,0,about 52,5,9,34,38,14,73,0,6,10,11,0,6,14,45,35,"25  ",1,0,28,46,6,12,79,1,2,11,9,27,24,29,50,23,unknown,6,0,22,7,3,0,68,14,71,13,1,1,13,22,9,3,"53,0",49,14,27,3,7,86,5,9,0,0,0,17,57,0,26,91,51,7,5,37,1,1,62,7,29,15,17,0,0,68,23,70,about 5,2,0,70,19,11
Nebraska,FALSE,TRUE,FALSE,FALSE,Friendly & Conventional,Moderate/Low,48.8,200,45,38*,0,Solid Red,3.5,1978379,69021,38.5,34.3,11.5,15.2,13.6,26.8,29,49,13,6,3,-1,14,4,7,1,3,2,61,23,11,26,46,13,4,11,53,26-27,11,6,4,1,6,15,2,76,7,4,27,58,4,18,13,47,15 points,7,19,1,29,33,18,71,9,14,5,1,14,30,41,8,7,NULL,54,18,2,2,9,6,38,32,15,55,21,1,18,5,56,28*,3,3,10,6,15,15,34,30,12,34,16,20,18,28,39,6,-1,10,7,5,11,14,63,26,8,31,33,2,19,73,3,1,4,TBD,22,4,25,7,12,29,2,46,11,10,11,28,16,35,9,3 points,19,62,7,9,3,73,13,2,1,69,16,5,9,13,13,38,NULL,20,30,12,20,22,16,11,28,13,6,42,24,25,4,44,3,<67,16,10,6,1,72,21,1,1,5,8,7,14,8,63,0,-1,16,30,37,19,10,9,24,38,33,15,23,29,0,47,9,15,TBD,20,13,6,0,72,9,18,14,32,26,10,19,45,0,25,11,30.00,3,62,0,5,65,26,0,9,0,23,14,12,0,51,81,NULL,8,0,11,36,3,53,0,8,5,7,5,22,61,62,0,16,<1,21,0,0,0,100,0,14,0,0,45,41,100,0,0,0,0,+11,9,66,6,8,0,100,0,0,0,0,0,0,0,0,47,TBD,10,6,8,23,5,66,3,3,3,64,14,10,9,7,42,6,11.00,34,16,48,19,9,8,9,15,22,8,46,53,25,5,4,13,—,24,12,22,2,11,3,13,33,40,41,20,11,8,20,8,<2,3,5,82,40,7,29,17,7,84,7,6,2,1,39,14,13,+22,12,6,47,22,18,7,3,34,4,55,4,5,31,41,15,8,N/A,31,55,4,3,54,36,3,4,3,7,8,9,73,3,33,5.00,12,6,44,66,8,16,6,4,26,18,27,8,21,15,6,46,—,11,9,11,54,12,14,1,73,20,6,0,9,8,4,71,8,17-18,54,8,7,14,32,21,12,4,31,60,5,24,3,8,0,+0,27,15,58,91,3,0,5,1,31,42,0,22,5,18,1,5,N/A,35,28,6,10,41,15,5,0,40,7,48,47,19,2,7,25,24*,40,9,27,0,22,12,0,0,66,12,25,30,22,11,38,—,18,15,29,0,5,8,45,42,23,2,0,27,48,9,15,73,0-1,3,6,9,27,29,29,56,19,19,4,2,23,5,3,0,69,14 points,71,12,2,1,7,29,10,4,50,51,13,28,3,5,85,N/A,10,0,0,1,17,46,0,36,6,77,6,2,9,1,1,61,5*,32,13,24,5,4,54,32,63,2,3,0,65,24,11
Nevada,FALSE,FALSE,FALSE,FALSE,Relaxed & Creative,Moderate/Low,49.9,252,45,38,0,Swing State,3.5,3194176,69021,38.5,34.3,unknown,15.2,13.6,26.8,23,40,15,14,8,64,19,6,8,3,4,3,4.00e+1,38,15,27,40,15,10,8,34,16,31,14,5,6,12,66,1,761,8,2,19,67,4,16,17,52,9,6,18,1,32,30,19,65,about 11,18,5,1,15,25,38,16,6,35,46,15,1,3,2,5,"37  ",30,26,47,19,1,22,11,54,15,7,9,15,14,17,17,35,unknown,12,24,37,12,15,46,25,5,14,10,9,6,15,15,55,38,"8,0",25,26,3,17,76,1,1,5,46,21,4,23,6,14,32,151,37,11,6,11,24,11,48,12,5,17,59,7,8,5,73,11,about 3,1,69,9,9,12,19,12,40,12,17,32,9,20,23,16,11,30%,19,10,30,16,18,4,59,3,38,7,52,3,0,4,10,unknown,16,65,26,0,2,0,72,0,43,11,17,29,15,4,9,20,"52,0",24,26,21,29,0,42,11,19,8,20,19,7,0,62,12,18,013,32,22,15,29,39,0,25,7,34,5,52,4,5,67,17,about 4,12,0,34,9,13,7,37,82,0,10,0,8,41,3,51,0,5%,5,8,7,29,51,49,10,14,12,15,21,0,0,79,0,16,?,0,47,37,99,0,0,0,1,13,14,59,9,5,0,100,"0,0",0,0,100,0,0,0,0,52,26,12,3,7,27,6,63,2,02,5,56,13,9,17,7,47,6,12,28,25,45,18,6,6,10,,40,8,15,43,31,4,4,18,86,10,1,3,0,9,3,11%,28,49,48,23,7,3,19,16,1,2,3,78,42,5,20,28,?,87,1,9,2,1,46,23,11,9,11,8,48,19,18,7,2,26 (est.),5,64,3,5,32,40,14,9,7,25,61,4,3,51,42,03,2,2,4,6,5,82,3,34,4,12,7,43,64,7,20,6,,29,16,24,9,22,18,7,38,24,13,15,14,42,9,20,1,6.50e+1,31,3,0,20,7,5,62,6,12,54,9,5,20,28,20,?,5,32,57,6,26,1,10,0,0,36,25,39,81,6,0,9,4 (est.),22,45,2,27,4,17,5,12,31,35,42,5,12,23,18,4,"2  ",10,16,68,39,29,2,6,24,39,28,15,18,0,18,18,,0,59,3,21,22,50,4,36,0,20,18,26,0,3,7,46,4.40e+1,21,1,0,32,46,11,15,71,0,3,7,7,23,30,33,61,231,17,5,2,13,3,2,0,82,12,75,11,1,1,11,30,11 (est.),4,44,39,12,42,4,3,90,3,7,0,0,0,20,50,0,"30  ",6,74,1,3,16,2,1,59,5,33,24,26,0,4,46,44,unknown,12,8,0,59,28,13
New Hampshire,FALSE,FALSE,TRUE,FALSE,Friendly & Conventional,Moderate/Low,43.8,200,45-46,38,0,Swing State,7.3,1402054,69021,38.5,34.3,11.5,15.2,13.6,26.8,18,32,15,+14,21,67,15,4,7,7,8,7,44,26,15,22,41,17,11,9,N/A,24,19,17,8,4,27,48,5,16,7,1,23,65,4,55,10,20*,7,8,19,10,31,26,14,83,4,8,4,1,9,33,37,—,4,15,64,15,2,4,1,6,45,36,12,54,34,0,9,3,39-40,35,4,13,9,59,12,11,10,8,14,25,9,20,32,19,32,10 points,20,19,13,9,13,19,46,29,3,28,36,4,25,73,0,N/A,1,41,18,1,33,7,12,35,3,33,17,10,20,31,12,27,10*,3,21,60,6,7,2,66,22,3,3,51,31,9,6,9,10,-1,9,44,40,18,20,13,9,27,33,9,13,18,16,20,20,40-41,4,16,72,10,2,0,10,60,4,10,16,6,14,39,7,34,0 points,11,22,29,38,24,7,16,19,34,27,9,29,35,0,53,8,NULL,9,16,18,13,0,57,12,21,16,23,28,12,32,40,0,28*,0,18,4,71,0,7,100,0,0,0,0,32,22,0,0,46,-1,23,0,0,0,34,3,55,0,8,4,10,6,17,63,72,0,TBD,0,0,0,0,0,100,0,17,0,0,46,37,100,0,0,0 years,0,10,12,59,12,7,0,100,0,0,0,0,0,0,0,0,NULL,29,11,5,7,19,4,62,1,14,4,49,18,17,12,6,43,<7,13,31,21,48,18,9,4,17,19,22,5,37,31,10,19,-1,29,30,39,10,19,2,2,2,34,26,36,38,27,10,4,21,TBD,4,4,7,76,33,5,24,27,11,84,11,3,1,1,45,14,10.00,21,10,8,48,17,20,7,3,27,4,62,4,6,33,41,NULL,7,8,34,48,6,4,57,34,3,3,3,10,13,15,58,4,<35,4,11,5,45,68,9,16,4,3,28,20,25,7,20,13,6,+48,22,11,9,8,56,4,23,2,69,23,6,0,2,5,11,TBD,7,10,55,6,8,21,87,4,2,0,7,64,9,16,2,9,0.00,0,27,22,51,84,5,0,6,5,34,30,1,32,3,15,3,—,40,36,29,4,6,38,23,12,0,38,5,45,28,20,3,<4,45,24,43,7,26,0,17,11,21,0,51,0,36,36,20,8,+81,0,8,5,6,0,6,12,41,41,29,2,0,35,34,9,14,N/A,1,3,9,10,23,28,30,47,22,25,5,1,22,7,2,1.00,68,14,72,13,1,0,13,20,8,4,55,47,15,26,5,7,—,5,8,1,0,0,15,58,0,27,4,78,6,5,7,1,1,59-60,8,31,14,24,0,8,54,28,63,5,4,0,69,19,12
New Jersey,FALSE,FALSE,TRUE,FALSE,Friendly & Conventional,Moderate/Low,52.7,200,45,38,0,Solid Blue,3.5,9290841,69021,?,34.3,11.5,15.2,13.6,26.8,22,34,17,18,9,58,26,5,8,3,6,6 (est.),39,34,15,31,36,18,7,8,33,23,20,18,6,7,11,57,"4  ",21,8,1,24,63,4,45,8,37,4,6,12,1,34,39,,70,6,19,4,1,12,33,31,17,7,20,53,16,2,9,1,6.00e+0,63,22,8,53,25,0,18,4,48,24,7,8,13,28,14,17,511,5,32,18,14,19,17,27,21,9,21,22,9,9,18,14,50 (est.),38,4,21,34,3,17,78,0,4,1,41,22,4,29,4,12,"34  ",8,31,15,5,15,28,13,39,16,4,19,56,5,7,3,70,unknown,1,2,69,10,14,5,14,14,41,8,23,41,11,17,15,1.60e+1,21,29,24,10,16,16,24,13,42,5,39,45,13,3,0,7,601,13,27,11,0,2,96,0,2,0,16,11,28,45,20,9,14,about 19,38,17,11,34,38,0,47,10,15,9,19,19,7,4,56,"14  ",19,14,26,27,14,27,45,0,20,8,33,6,49,4,8,79,unknown,6,9,2,30,15,12,8,35,72,2,13,3,10,41,4,49,"0,0",6,4,7,5,25,59,45,12,17,10,16,19,10,0,52,201,18,3,1,40,38,96,2,0,2,0,13,15,53,10,9,18,about 49,20,13,0,100,0,0,0,0,49,29,12,4,6,26,3,66,2%,3,4,57,19,10,10,7,45,9,13,26,26,38,22,9,unknown,16,16,46,3,19,33,13,6,10,38,39,30,7,23,1,1,"3,0",13,30,53,58,11,10,3,18,8,2,2,2,86,36,7,35,015,7,91,2,5,1,1,46,19,9,14,12,7,50,18,18,about 7,3,26,4,64,3,6,31,40,14,9,5,32,56,4,3,60,33%,3,2,2,10,12,10,65,3,43,4,10,7,36,65,7,20,?,3,30,18,23,8,21,8,4,57,19,12,8,8,61,4,"19,0",1,69,28,2,0,1,5,4,83,7,10,57,9,5,19,17,058,9,2,14,58,9,24,2,7,0,0,25,23,52,82,6,1,,2,38,38,1,19,4,19,3,12,40,26,27,5,9,37,22%,3,9,10,8,70,40,24,3,7,26,37,19,14,30,0,21,?,17,0,48,3,34,34,24,5,40,0,24,21,15,0,4,8,39 (est.),49,25,1,0,30,44,12,17,66,0,5,7,5,24,32,032,65,9,19,5,2,12,4,1,0,83,11,79,9,1,0,10,,13,4,42,38,12,42,4,4,91,3,6,0,0,1,17,59,0.00e+0,23,5,83,4,5,3,1,1,62,5,31,24,27,2,5,?,49,33,5,13,0,60,29,11
New Mexico,FALSE,FALSE,FALSE,FALSE,Relaxed & Creative,Moderate/Low,TBD,278,72,38,0,Swing State,3.5,2114371,69021,38.5,34.3,11.5,15.2,13.6,26.8,25,45,13.00,13,4,64,18,5,10,3,6,4,37,37,16,24,51,13,3,—,42,20,23,11,4,4,10,63,3,20,9,6,21,59,5,<9,11,60,15,5,24,2,27,30,17,64,14,13,8,1,13,30,+39,11,7,30,54,11,2,3,6,5,36,34,19,46,22,1,16,N/A,60,18,6,4,12,9,16,24,31,20,13,31,14,28,14,49.00,28,3,17,3,7,4,10,17,62,29,11,28,29,3,19,63,—,2,13,36,24,4,26,10,17,38,3,29,13,7,10,30,15,38-39,10,4,19,57,10,11,4,70,13,2,2,72,11,8,7,+17,11,38,14,20,31,9,20,23,17,14,28,11,10,37,23,15,N/A,53,2,42,7,10,40,1,10,24,3,6,57,13,0,2,1,84*,0,41,10,18,31,14,6,10,23,47,28,20,23,29,0,—,10,15,9,25,18,8,5,53,16,16,16,30,25,13,24,44,0-1,22,10,28,6,51,7,8,55,31,5,9,0,33,0,29,0,38 points,100,0,0,0,0,39,2,55,0,4,5,10,9,23,53,N/A,0,0,18,19,0,0,0,100,0,14,10,0,46,30,100,0,0*,0,0,10,13,57,10,10,0,0,0,0,0,0,0,0,0,-1,47,28,11,4,10,31,9,55,2,3,3,59,16,11,11,7-8,44,5,11,33,24,32,24,9,11,16,16,26,11,31,65,14,4 points,3,14,34,31,13,21,1,17,3,8,30,42,36,39,8,3,NULL,12,1,3,3,81,42,4,15,34,5,86,1,10,2,1,45*,16,10,11,18,6,52,19,16,7,3,31,5,58,3,5,33,-1,15,8,9,31,51,5,4,68,26,2,2,2,5,7,7,79,TBD,34,4,16,6,40,64,7,20,6,3,27,17,27,8,21,18 points,9,39,23,11,10,12,42,17,19,0,68,28,4,0,12,8,NULL,71,6,14,60,9,4,13,26,22,14,3,35,56,4,25,3,<12,0,0,35,21,44,88,3,0,6,3,17,26,1,52,4,-1,4,3,28,44,43,3,7,21,26,5,1,14,13,67,41,23,TBD,8,26,34,29,8,29,0,20,14,0,0,66,5,21,28,46,0.00,41,0,36,23,0,0,5,9,44,42,22,1,0,28,49,NULL,20,66,0,3,8,7,26,30,29,54,17,20,8,1,17,7,<2,0,74,14,72,12,1,1,19,23,8,4,46,48,13,31,3,+5,89,2,9,0,0,0,18,48,1,33,3,71,2,4,20,TBD,1,59,6,32,18,22,5,8,47,40,52,3,5,0,65,22,13.00
New York,TRUE,TRUE,TRUE,FALSE,Friendly & Conventional,High,45.4,160,45,29,0,Solid Blue,3.1,19571216,069021,38.5,34.3,11.5,15.2,13.6,26.8,26,31,15,17,11,53,30,4,9,4,,5,38,37,15,34,33,17,9,7,27,26,24,17,6,7,15%,54,3,21,7,1,15,73,4,43,12,35,4,6,14,1,29,?,16,73,6,16,4,1,14,35,32,12,7,16,58,17,3,6,1 (est.),7,58,24,10,52,26,1,16,5,47,22,6,8,17,31,019,17,28,5,19,23,11,23,24,34,26,8,15,17,12,9,23,,42,38,4,22,32,4,16,80,0,2,2,35,23,3,33,6,1.10e+1,32,6,34,17,5,14,26,11,44,19,3,20,53,5,7,?,71,16,2,2,64,14,14,6,14,12,37,9,28,39,13,19,17 (est.),12,18,34,24,7,17,32,21,9,36,2,28,49,16,5,2,"10  ",37,9,25,19,10,13,50,2,25,0,15,10,31,44,24,,9,23,38,20,15,28,37,0,48,10,13,9,20,19,6,3,5.90e+1,13,22,14,21,30,13,25,44,0,24,7,32,6,52,4,6,1001,5,6,10,1,24,13,13,7,43,77,0,10,2,11,43,3 (est.),48,0,6,3,9,4,22,62,47,13,17,9,14,20,8,3,"55  ",14,19,4,1,41,35,97,1,0,2,0,10,15,59,9,7,unknown,47,21,19,0,100,0,0,0,0,46,30,12,6,6,26,3.00e+0,63,2,6,5,53,19,13,10,7,45,9,12,27,26,39,21,181,6,14,17,41,4,24,36,20,9,9,26,44,27,9,20,0,about 2,2,13,26,57,58,13,10,3,16,7,2,2,2,87,35,"6  ",35,17,7,92,2,4,1,1,50,15,10,13,12,6,51,19,unknown,6,3,24,3,67,3,5,34,39,14,8,6,28,61,3,2,"60,0",33,3,2,2,9,12,11,64,4,38,6,12,6,38,65,101,20,5,3,32,14,23,10,21,9,4,55,19,13,9,9,60,about 5,17,1,70,25,4,0,2,6,5,80,7,14,58,8,6,14,40%,27,10,3,20,65,7,19,2,7,0,0,27,26,47,83,unknown,0,7,4,35,35,1,25,4,17,2,8,45,28,41,4,7,"30,0",18,2,2,19,6,71,43,25,2,4,26,45,22,10,23,0,017,16,9,0,58,5,29,38,24,4,43,0,21,19,17,0,about 5,12,41,42,25,2,1,34,38,12,16,68,0,4,5,5,27,36%,27,62,11,19,6,2,13,3,2,0,82,14,76,9,1,0,?,35,11,3,42,37,13,42,4,4,92,2,6,0,0,1,"24,0",52,0,23,5,84,5,3,3,2,1,63,5,29,27,29,4,08,32,42,42,5,11,0,63,25,12
North Carolina,TRUE,TRUE,TRUE,TRUE,Conventional & Duty-Bound,Moderate/Low,59,200,45,38,0,Swing State,3.5,10835491,69021,38.5,34.3,11.5,15.2,13.6,26.8,30,<39,14,11,6,67,20,4,7,2,5,6,41,34,14,31,42,-1,7,9,43,18,18,13,8,4,35,36,3,22,9,1,24,61,TBD,32,12,44,7,5,15,0,34,36,15,70,8,15,5,2,11,26.00,33,24,6,23,55,15,2,5,2,5,42,32,19,51,24,NULL,19,6,53,19,6,5,17,11,15,22,41,11,24,25,15,22,<14,30,28,8,19,15,8,7,14,14,57,37,5,26,30,2,21,+74,1,2,2,34,30,3,24,9,28,24,9,31,8,9,11,TBD,12,38,8,9,16,54,13,8,3,72,15,2,2,76,9,7,6.00,25,10,36,13,16,32,9,17,18,24,17,28,11,9,35,20,—,8,43,6,33,22,8,37,0,10,3,25,59,3,3,54,<18,0,25,0,44,8,17,31,18,6,11,19,46,26,14,27,33,+0,46,10,18,8,18,21,8,3,55,13,21,15,24,25,15,24,N/A,0,24,9,7,1,90,0,2,74,7,5,14,0,22,12,14.00,9,43,82,0,10,1,7,41,4,49,0,6,3,5,3,47,—,46,14,18,9,13,20,6,0,59,15,16,4,2,40,38,97,1-2,0,2,0,16,13,54,9,8,15,52,22,11,0,100,0,+0,0,0,49,28,11,6,6,24,4,66,2,4,6,57,14,9,N/A,7,45,8,11,29,23,38,20,12,7,10,15,45,3,27,61,5*,3,6,25,36,35,9,19,1,2,3,16,28,51,37,15,—,2,14,5,2,2,4,87,31,4,39,20,6,86,1,9,3,1-2,41,15,11,15,18,6,48,18,19,9,4,27,4,62,3,2,68 points,18,7,5,6,30,57,4,3,54,36,3,2,5,8,10,N/A,68,3,38,4,11,6,41,68,7,17,5,3,29,17,26,7,21*,14,7,44,26,9,8,10,60,6,16,1,65,25,9,0,2,-1,4,81,7,15,57,12,5,11,26,19,14,5,36,44,7,23-24,11,15,0,0,27,18,55,89,4,0,5,2,27,38,1,31,3 points,16,2,14,36,32,28,3,8,40,21,7,3,8,7,75,43,NULL,2,8,24,26,45,8,21,0,31,14,4,0,51,3,23,40*,30,4,28,0,22,22,28,0,4,8,40,48,24,1,0,26,-1,12,15,69,0,4,8,6,27,30,29,60,14,21,4,1,21,TBD,2,0,72,13,74,11,1,1,10,32,12,4,42,42,11,38 points,5,4,91,3,6,0,0,0,16,53,0,31,5,81,5,5,NULL,1,1,58,6,34,19,26,3,5,47,36,56,3,5,0,63,<25,12
North Dakota,FALSE,FALSE,FALSE,FALSE,Conventional & Duty-Bound,Moderate/Low,40.4,200,45,38,0,Solid Red,3.5,783926%,69021,38.5,34.3,11.5,15.2,13.6,26.8,22,40,10,5,23,76,12,3,unknown,2,7,5,43,26,19,22,50,10,10,8,36,28,21,8,7,"2,0",15,39,6,38,8,1,23,64,4,10,60,16,12,2,19,0,030,33,18,79,7,7,6,1,12,29,46,7,6,17,58,21,about 2,2,3,5,27,47,18,55,22,1,14,8,51,31,5,3,10,7%,11,21,36,25,10,33,12,21,24,22,36,7,20,15,4,4,?,9,77,23,7,33,35,2,20,71,1,0,8,47,16,2,"29,0",6,11,35,2,39,13,11,10,29,16,34,9,3,19,61,8,010,3,71,15,1,2,71,6,7,14,12,12,40,14,22,31,12,,23,12,13,31,10,11,35,32,13,2,49,4,53,34,9,3%,1,83,9,0,2,6,25,9,19,0,47,0,8,24,33,35,?,7,10,18,46,31,11,29,29,0,49,7,14,9,21,15,9,7 (est.),69,0,19,9,24,41,7,18,44,0,24,14,49,2,46,00,3,56,32,0,12,0,41,0,0,0,59,100,0,0,0,0,,0,43,0,12,5,8,7,18,62,100,0,0,0,0,0,0,0.00e+0,100,0,0,0,0,53,47,100,0,0,0,0,14,0,69,?,10,0,0,100,0,0,0,0,0,0,0,43,31,11,9,6,17 (est.),4,46,26,7,3,45,32,9,11,8,41,5,10,36,47,31,"14  ",4,4,6,12,13,4,65,56,11,3,2,28,36,29,14,,2,26,3,10,33,28,39,23,11,6,21,10,2,2,4,82,4.20e+1,7,28,17,6,77,17,3,2,1,61,5,10,20,4,7,51,331,18,7,3,31,4,58,4,6,31,40,14,9,8,30,55,4 (est.),3,52,36,3,3,6,7,9,11,69,4,34,3,10,5,48,"63  ",8,19,6,4,25,17,28,7,23,13,5,46,27,9,7,8,unknown,29,12,0,38,19,43,0,20,10,4,59,7,11,24,6,5.00e+1,9,57,17,6,2,18,63,9,20,0,8,0,0,23,10,67,951,2,0,2,1,26,47,0,23,4,17,0,0,41,42,36,7,about 10,29,18,2,0,73,3,22,51,13,0,9,27,19,33,7,"41  ",0,1,29,0,0,70,0,22,45,33,0,80,0,0,0,20,unknown,5,11,52,32,26,2,0,25,47,9,14,75,0,2,5,10,"28,0",28,29,58,21,17,3,1,25,4,2,0,69,14,69,15,31,1,8,28,10,6,48,49,14,29,3,5,89,3,8,0,0,about 0,13,51,0,36,0,91,0,0,9,2,1,63,5,29,0,30,0%,0,70,24,72,1,3,0,66,22,12
Ohio,TRUE,TRUE,FALSE,TRUE,Conventional & Duty-Bound,Moderate/Low,50.7,173,45,38,0,Swing State,3.5,11785935,69021,38.5,34.3,11.5,15.2,13.6,26.8-26.9,23,51,12,9,5,68,18,4,8,2,2,2,69,19,8,28,45 points,15,4,8,52,19,14,10,5,3,20,42,4,31,6,1,22,NULL,3,34,11,40,9,6,17,1,33,29,20,79,6,10,4,1*,11,28,43,12,6,20,57,19,1,3,7,6,36,34,17,51,-1,0,18,4,51,27,5,4,13,10,20,15,36,19,18,32,13,TBD,17,27,33,9,23,8,6,6,15,9,64,29,5,28,36,2 points,18,78,1,1,2,36,26,4,28,6,20,33,4,35,8,8,NULL,30,13,36,9,5,17,60,9,8,3,68,19,2,1,81,8,<5,5,11,8,43,14,24,29,12,18,24,17,24,27,13,8,-1,21,31,8,37,3,57,30,9,3,1,58,19,4,13,6,2,TBD,20,2,13,0,24,15,27,34,25,7,11,21,36,25,13,30,32.00,0,46,9,17,8,20,18,9,3,59,11,19,14,29,24,NULL,19,47,0,23,11,17,4,69,3,7,73,7,3,16,1,23,<14,10,8,45,77,0,11,3,9,39,3,51,0,7,4,7,6,+27,56,46,11,17,10,16,16,8,0,62,14,15,5,2,40,TBD,99,0,0,1,0,13,11,59,10,7,10,69,13,8,0,0,0.00,0,0,0,45,27,9,6,13,22,4,69,2,3,5,49,17,—,18,8,44,7,10,31,14,46,24,10,6,20,15,30,3,<32,43,10,6,11,30,41,28,9,21,1,3,3,13,33,48,43,+19,12,5,21,7,2,2,4,85,28,5,43,17,7,90,3,4,N/A,1,50,12,9,20,9,7,52,18,16,7,3,29,4,61,3.00,5,32,39,14,10,6,34,54,4,2,55,38,3,2,2,7,—,10,70,4,34,4,9,6,47,65,8,19,5,3,26,19,27,7-8,21,15,6,51,19,9,7,7,64,5,17,1,68,27,4,+0,2,7,6,76,9,13,61,8,6,12,29,22,14,5,30,61,N/A,21,3,8,0,0,28,19,53,87,7,1,4,1,36,35,1,23*,5,18,2,10,42,28,35,5,8,40,12,4,1,16,8,—,50,17,1,8,24,23,39,7,31,0,22,12,1,0,65,13,21-22,38,24,4,40,0,19,16,25,0,5,8,47,40,27,1,0,32 points,40,11,14,71,0,4,8,8,28,29,27,58,15,22,4,N/A,19,4,2,0,75,15,72,12,1,0,8,26,11,4,51,42,14*,36,3,5,89,3,8,0,0,0,17,51,0,32,5,82,4,-1,5,1,1,57,5,36,15,26,2,5,52,31,63,2,4,0-1,62,24,14
Oklahoma,TRUE,FALSE,FALSE,TRUE,Friendly & Conventional,Moderate/Low,59.6,200,45,38,0,Solid Red,3.5,4053824,69021,38.5,34.3,11.5,15.2,13.6,26.8,21,53,15,8,3,67,18,61,9,2,3,3,44,31,19,44,35,9,2,10,63,14,12,7,about 4,4,18,54,3,21,7,4,28,58,3,10,8,60,16,6,"21  ",0,31,31,17,64,10,16,8,2,15,25,40,12,8,30,47,unknown,1,2,7,6,25,44,18,50,25,0,19,6,59,19,4,3,"15,0",9,17,18,34,22,13,37,13,23,14,33,37,6,18,6,331,4,9,11,71,29,8,28,33,2,19,67,4,1,9,32,33,about 3,19,13,26,23,4,40,7,11,11,28,15,35,12,3,15,56,14%,8,4,73,13,2,1,75,11,6,7,19,10,36,17,18,unknown,10,18,23,20,11,22,14,10,43,28,17,4,46,5,38,6,"7,0",47,2,9,15,14,33,29,12,1,4,1,82,0,23,14,25,038,15,5,8,21,51,36,14,27,23,0,46,9,17,8,20,about 16,11,4,58,11,18,14,30,24,14,24,48,0,21,7,20,3,69%,2,6,51,36,2,11,0,21,16,10,0,53,86,0,6,0,?,42,3,51,0,4,5,7,7,28,53,42,12,20,7,19,"20,0",16,0,46,18,20,0,0,37,43,100,0,0,0,0,14,10,060,7,9,0,60,40,0,0,0,0,0,0,0,48,28,10,8,,24,7,61,5,3,5,60,16,10,9,7,41,7,11,34,17%,45,19,11,8,18,14,29,6,33,82,4,2,2,10,38,35,?,16,1,7,3,12,32,46,39,24,19,4,14,10,2,3,4,81 (est.),38,5,27,24,6,68,2,28,1,1,45,13,11,16,15,06,40,33,15,6,3,28,4,62,3,5,31,39,16,9,6,28,,5,3,58,34,3,2,3,6,7,8,76,3,32,4,13,7,4.40e+1,69,7,16,5,3,29,17,26,9,19,21,7,39,22,11,?,14,51,11,14,1,68,28,3,0,6,9,5,71,9,84,10,2 (est.),1,3,24,21,14,5,36,47,5,24,12,12,0,0,26,15,"59  ",93,3,0,3,1,26,39,1,30,4,19,3,6,34,38,,4,7,44,22,8,1,10,9,72,45,22,2,9,22,21,46,8.00e+0,25,0,30,11,0,0,59,7,23,38,29,3,35,0,20,10,531,0,4,6,50,40,23,1,0,30,46,10,12,75,0,3,9 (est.),7,25,31,28,62,15,17,5,1,20,4,2,0,74,12,75,"11  ",1,1,10,25,11,4,50,47,12,33,3,5,90,3,7,0,unknown,0,18,45,1,36,5,78,6,5,6,2,1,56,4,37,1.30e+1,27,2,5,53,36,56,3,5,0,64,24,12
Oregon,TRUE,FALSE,TRUE,FALSE,Relaxed & Creative,High,48.4,144,77.2,38,0,Solid Blue,8.5,4233358,69021,38.5,34.3,11.5,15.2,N/A,26.8,18,48,16,14,4,63,20,5,9,3,7,8,37,33,15,32*,40,14,4,10,44,17,20,15,4,4,11,52,5,28,8,—,20,66,4,20,15,41,15,9,22,3,25,28,22,65,9,19,6-7,1,16,31,35,12,6,29,55,13,1,2,5,5,36,38,16,49 points,22,1,18,10,40,27,6,17,10,9,14,21,29,27,18,N/A,14,20,17,34,41,5,11,9,15,9,15,17,44,29,7,27,34*,3,19,74,1,1,5,44,23,1,26,6,11,36,3,35,15,-1,10,30,12,39,12,5,15,60,8,12,3,78,6,1,4,66-67,9,9,12,14,12,41,11,22,34,12,18,24,12,15,33,14,13 points,25,21,26,1,50,2,51,13,35,1,0,6,15,2,4,73,NULL,0,2,0,92,0,17,24,29,30,12,7,9,26,46,27,21*,21,31,0,49,9,14,9,19,16,10,3,59,12,21,16,26,-1,11,25,45,0,23,7,24,4,59,3,10,67,20,4,9,0,TBD,13,13,10,38,94,0,0,0,6,39,2,54,0,5,5,11 points,6,22,56,51,11,16,8,14,0,20,0,60,20,13,0,0,NULL,43,99,1,0,0,0,11,16,51,13,9,0,55,44,1,0,<0,0,0,0,0,47,31,10,4,8,25,5,65,2,3,4,-1,14,15,12,7,38,6,18,31,22,55,15,5,3,17,20,36,TBD,21,60,9,3,2,26,30,45,9,15,1,8,2,9,47,34,46.00,20,8,6,20,12,3,4,5,76,47,4,16,27,6,85,NULL,7,1,4,30,15,12,9,34,8,58,16,13,5,3,19,6,<68,4,6,35,39,13,7,8,29,56,4,3,59,32,3,3,3,+6,8,7,76,3,33,5,12,6,44,70,5,17,5,3,26,TBD,28,9,22,17,7,43,22,11,13,14,44,8,21,1,68,27,4.00,0,5,9,4,76,6,13,61,6,5,15,42,19,10,3,26,—,9,23,2,10,0,0,37,17,46,86,4,0,6,4,18,<18,3,56,5,20,2,3,29,46,56,3,4,17,20,3,23,7,+7,60,28,38,1,4,29,28,50,7,15,0,6,11,38,0,45,N/A,15,26,37,5,23,0,33,22,22,0,5,15,42,38,26,1.00,0,31,42,7,14,76,1,2,9,8,24,30,29,53,17,24,—,1,19,6,2,0,73,15,71,13,1,0,11,33,8,4,44,46-47,15,31,3,5,86,5,9,0,0,0,18,55,0,27,3,+51,2,4,40,2,1,61,8,28,15,19,3,11,52,28,65,4,N/A,0,67,19,14
Pennsylvania,TRUE,TRUE,FALSE,TRUE,Friendly & Conventional,Moderate/Low,48.8,200,45,38,0 (est.),Swing State,3.5,12961683,69021,38.5,34.3,11.5,15.2,13.6,26.8,19,43,16,12,10,66,"19  ",4,8,3,5,4,44,33,14,22,44,17,9,8,41,24,,12,7,4,21,45,5,25,7,2,22,65,4,41,9,32,12,6.00e+0,15,1,27,33,24,79,5,11,4,1,11,32,35,16,6,21,651,18,2,4,3,6,42,32,17,56,24,0,16,4,48,29,5 (est.),5,13,12,14,16,51,7,40,21,10,15,14,25,28,9,21,"17  ",9,9,16,14,52,32,3,26,37,2,18,72,0,9,1,38,unknown,4,33,4,13,37,5,32,13,6,18,30,13,33,12,7,1.80e+1,56,7,8,3,68,19,2,2,70,11,9,8,12,12,41,12,651,35,13,18,16,18,20,31,17,8,24,18,24,12,41,5,36,about 48,12,3,1,13,45,12,16,14,0,42,57,0,1,0,21,"14  ",28,37,23,6,11,19,41,21,11,32,36,0,49,8,16,9,unknown,19,9,3,57,12,22,15,25,24,14,21,43,0,27,9,23,"4,0",64,2,7,77,5,3,14,1,30,13,14,8,35,74,0,291,3,10,38,3,53,0,6,4,7,6,25,58,45,11,18,9,about 17,18,11,0,59,12,18,3,2,40,37,97,1,0,2,0,12,11%,61,9,7,13,50,18,19,0,100,0,0,0,0,43,28,unknown,6,13,21,4,70,2,3,5,57,16,11,11,7,44,8,11,"30,0",9,75,11,3,2,16,14,38,4,28,62,7,6,7,18,36,032,9,21,2,3,3,16,31,47,36,15,16,4,29,9,3,about 2,3,83,36,5,32,20,7,91,3,3,2,1,44,16,12,17,11%,7,50,17,18,8,3,25,4,64,4,5,41,34,12,8,6,?,55,4,3,58,35,3,2,2,8,10,11,67,4,36,4,"11,0",6,43,67,7,18,5,3,28,17,28,7,20,13,5,54,19,09,6,7,67,4,16,1,70,26,3,0,3,7,5,76,9,13,,8,7,14,31,21,13,4,31,64,7,18,3,8,0,0,26%,20,54,92,3,0,4,1,27,31,1,37,4,18,3,12,38,?,26,5,7,31,31,3,4,16,8,69,48,19,1,8,24,29,32 (est.),7,32,0,20,11,5,0,64,5,30,37,23,5,42,0,022,17,19,0,5,10,44,41,27,1,0,29,43,11,16,69,0,,7,7,28,31,27,58,11,25,4,2,19,4,2,0,75,15,7.20e+1,12,1,0,10,26,9,4,51,41,13,39,3,4,90,3,?,0,0,0,16,53,0,31,5,82,5,4,4,1,1,58,6,34 (est.),19,26,3,6,46,33,61,3,3,0,64,23,13
Rhode Island,FALSE,FALSE,TRUE,FALSE,Friendly & Conventional,Moderate/Low,50.1,200,45,38,0,Swing State,3.5,1095962,69021,38.5,34.3,11.5,—,13.6,26.8,23,33,14,16,14,62,24,4,7,3,5,6,43,<32,14,28,39,17,8,8,31,23,21,17,8,5,15,56,4,20,+6,1,18,70,5,47,15,25,4,9,18,3,27,31,21,80,5,N/A,3,1,8,36,30,21,5,21,57,14,3,5,2,9,45,30.00,14,52,33,0,12,3,33,26,4,28,9,65,9,9,12,5,—,25,9,26,23,25,26,8,24,17,11,10,19,18,42,33,4,26-27,33,4,25,70,0,1,4,38,21,2,34,5,13,28,3,+40,16,7,17,29,13,34,10,3,19,63,5,6,3,67,22,2,N/A,60,9,18,8,13,13,38,10,26,39,13,18,18,12,25,39,13*,13,10,19,20,19,37,5,23,62,11,3,1,11,57,6,—,15,8,12,44,4,32,0,16,14,27,43,26,4,15,21,34,22-23,11,31,36,0,47,9,18,9,17,17,9,0,58,16,21,17,26 points,25,11,28,47,0,25,0,23,5,62,0,10,100,0,0,N/A,0,49,0,0,0,51,86,0,14,0,0,40,3,52,0,5,4*,9,5,20,62,47,15,18,0,20,0,0,0,100,0,18,0,-1,46,36,100,0,0,0,0,10,11,60,11,8,0,100,0,0-1,0,0,0,0,0,0,49,31,11,4,5,28,3,63,2,4,5 points,49,20,15,11,6,46,7,14,27,21,44,21,9,5,18,14,NULL,4,33,29,12,12,12,35,40,27,9,23,1,1,2,21,31*,45,53,13,9,4,21,5,3,4,4,84,35,6,28,22,9,-1,2,3,2,2,46,14,10,19,11,7,46,17,22,8,4,24,TBD,65,3,6,35,38,13,8,7,31,55,4,3,59,31,4,3 points,3,8,20,13,55,4,40,4,12,8,36,67,7,17,6,3,NULL,19,26,9,18,11,4,54,20,11,8,13,58,5,16,1,70,<25,4,0,1,4,7,78,10,13,50,10,9,18,63,9,8,-1,18,63,9,22,0,6,0,0,25,20,55,81,6,0,10,3,TBD,32,2,22,4,16,3,8,47,26,30,4,9,39,18,4,1,15.00,8,72,46,24,0,7,23,31,30,9,30,0,9,12,35,NULL,44,0,36,43,21,0,49,0,25,15,11,0,4,12,41,43,<25,1,0,37,37,11,17,69,0,3,8,6,26,30,30,54,14,+24,6,2,18,4,2,0,76,14,75,10,1,0,7,28,9,TBD,52,40,15,36,4,5,88,5,7,0,0,0,16,61,0,23,4.00,83,4,3,6,2,1,59,5,33,26,23,0,0,51,40,50,—,7,0,67,22,11
South Carolina,FALSE,FALSE,TRUE,TRUE,Conventional & Duty-Bound,Moderate/Low,62.4,200,45,,0,Solid Red,3.5,5373555,69021,38.5,34.3,11.5,15.2,13.6,26.8,23,51,14,8,4%,74,17,3,5,1,4,5,45,32,14,29,44,13,5,9,52,?,19,8,7,4,35,38,3,20,9,1,26,60,4,32,11,45,8 (est.),4,19,0,32,32,17,75,6,12,5,2,9,23,32,31,05,21,56,18,2,3,3,4,40,32,21,56,24,0,15,5,53,,6,4,17,16,14,24,35,11,26,25,13,25,11,27,27,10,2.00e+1,16,11,6,10,15,58,36,5,27,29,3,19,76,1,2,?,32,36,3,21,8,33,17,9,32,9,15,18,24,12,31,7,8 (est.),16,53,16,8,3,72,15,2,2,78,8,6,6,24,11,37,"12  ",16,33,10,16,16,25,16,26,12,8,38,22,20,8,46,,33,28,7,31,1,10,3,39,46,2,7,6,11,2,74,0,4.20e+1,9,21,28,19,4,11,20,46,26,16,26,32,0,42,11,19,101,19,20,8,3,61,8,18,14,26,26,16,25,42,0,23,10 (est.),10,3,83,1,3,73,7,3,17,0,22,12,17,8,41,83,"0  ",7,0,10,45,3,47,0,5,2,4,2,61,31,43,14,17,unknown,17,20,16,0,64,0,15,3,0,41,41,97,1,0,2,0.00e+0,17,11,58,7,7,0,70,30,0,0,0,0,0,0,0,50,321,11,6,6,21,4,71,1,3,10,55,18,9,8,6,45,11,about 11,27,23,35,20,12,10,9,16,42,4,29,44,8,5,9,"34  ",48,27,8,16,1,3,3,12,35,47,42,17,24,4,13,8,unknown,2,3,86,34,4,31,25,6,87,1,8,3,1,48,15,11,"13,0",13,7,44,18,22,9,4,35,4,54,3,4,58,25,8,131,6,31,56,4,3,54,38,3,2,3,8,12,10,67,3,32,about 4,15,6,43,74,5,15,4,2,26,17,29,8,20,16,8,45,20%,11,7,12,60,6,15,1,69,26,4,0,2,10,3,80,unknown,10,65,15,4,6,26,20,20,4,30,42,7,23,11,17,0,"0,0",26,14,60,92,4,0,3,1,32,43,1,21,3,16,2,17,032,33,24,4,8,46,18,14,6,8,5,67,52,15,2,10,about 21,21,45,9,25,0,41,13,3,0,43,3,36,38,21,2,23,0%,18,23,36,0,3,7,44,46,25,1,0,28,46,11,11,73,?,5,8,7,29,29,27,66,11,16,5,2,21,4,1,0,"74,0",14,74,10,1,1,9,30,11,3,47,43,10,36,5,6,90,03,7,0,0,0,22,46,0,32,6,78,6,7,3,1,1,57,,37,17,24,4,6,49,36,54,4,6,0,59,28,13
South Dakota,FALSE,FALSE,FALSE,FALSE,Conventional & Duty-Bound,Moderate/Low,45.2,200,45,38,0,Solid Red,3.5,919318,69021,38.5,-1,11.5,15.2,13.6,26.8,29,44,11,7,9,76,11,3,8,2,5,3,TBD,23,17,22,52,12,6,8,38,22,25,9,6,2,15,31,4,48.00,9,4,28,55,4,25,11,32,27,5,20,0,29,36,15,NULL,7,10,5,1,12,28,47,7,6,25,56,16,1,2,9,3,<31,38,19,56,22,1,14,7,53,30,4,2,11,7,16,14,30,+33,10,37,10,18,25,23,41,8,21,7,6,4,5,13,72,TBD,7,33,35,2,18,67,2,1,12,45,18,2,28,7,10,33,2.00,41,14,10,13,34,14,29,9,2,21,60,8,12,3,70,13,—,3,68,6,6,17,13,11,37,17,22,32,13,22,23,10,<10,32,8,9,41,34,11,2,50,3,53,28,13,5,1,86,10,+0,1,3,14,5,25,0,56,0,32,14,20,34,15,0,9,24,N/A,32,13,24,29,2,49,9,14,9,19,14,9,0,69,8,15.00,13,27,35,10,15,49,0,22,14,27,3,65,0,5,63,37,—,0,0,0,0,0,0,100,100,0,0,0,0,47,0,44,0,9-10,4,7,5,18,66,95,0,0,5,0,0,0,0,100,0,+0,0,0,46,54,100,0,0,0,0,12,10,64,7,7,0,0,N/A,0,0,0,0,0,0,0,43,27,13,8,9,18,7,62,9,4*,3,57,13,10,17,7,42,6,10,35,30,36,18,8,8,—,19,18,11,42,71,13,7,1,8,34,30,16,18,2,23,3,10-11,35,29,31,33,9,5,22,10,2,3,4,81,48,4,27,15,6 points,71,23,4,1,1,37,11,14,30,8,7,47,18,20,8,N/A,30,5,57,4,5,34,39,13,9,7,28,60,3,2,52,38,4*,3,3,10,10,12,64,4,32,5,12,6,45,65,7,19,6,-1,26,18,25,6,25,15,8,43,24,10,5,8,33,35,19,0-1,55,19,26,0,23,17,4,50,6,14,62,5,7,12,41,18,12 points,4,25,61,7,21,0,11,0,0,30,12,58,94,2,0,3,NULL,22,42,0,33,3,19,2,5,32,42,34,7,9,30,20,2*,0,65,5,28,48,17,0,7,28,21,40,6,33,0,18,29,-1,0,53,0,26,45,29,0,99,0,1,0,0,0,7,10,51,TBD,25,2,0,28,45,9,14,74,1,2,10,13,23,29,25,54 points,22,19,4,1,21,6,3,0,70,13,71,14,1,1,13,24,NULL,0,56,50,13,28,4,5,89,3,8,0,0,0,15,54,0,<31,6,70,0,8,16,2,1,59,6,32,0,26,0,0,74,-1,72,3,3,0,61,25,14
Tennessee,TRUE,FALSE,FALSE,TRUE,Friendly & Conventional,Moderate/Low,57.6,unknown,45,38,0,Solid Red,3.5,7126489,69021,38.5,34.3,11.5,15.2,13.6,26.8,24,52,13,"8,0",3,66,19,5,8,2,3,2,61,22,12,30,41,14,5,10,057,15,14,9,5,4,30,44,3,19,10,1,21,64,4,19,about 13,50,11,7,18,0,33,30,19,69,8,15,6,2,10,26,41,16%,7,19,57,20,2,2,7,6,30,38,19,52,24,0,19,5,?,20,6,2,25,7,14,41,27,11,13,28,27,21,11,33,"30,0",9,17,11,9,5,13,16,57,29,5,30,34,2,22,72,2,02,2,30,41,3,18,8,29,21,6,36,8,10,12,28,13,37,,7,15,54,14,8,3,72,15,2,2,75,14,4,5,23,8%,38,13,18,33,10,16,22,19,16,27,15,9,33,24,18,7,?,5,29,13,31,26,1,18,7,43,27,5,2,3,17,2,76,0 (est.),36,10,23,31,19,5,11,20,45,26,16,28,30,0,43,011,17,10,19,19,8,3,58,12,19,16,29,23,13,25,45,0,,8,18,2,76,1,3,68,11,4,15,2,24,16,10,7,43,7.70e+1,0,13,0,10,43,4,48,0,5,4,6,4,41,45,44,?,16,9,17,24,0,0,64,12,15,4,0,40,41,99,0,0,1 (est.),0,16,11,56,9,8,16,59,9,16,0,0,0,0,100,0,"47  ",29,11,7,6,22,5,67,2,4,8,50,18,13,11,7,,8,10,34,20,35,23,13,9,16,13,34,4,33,56,7,5,7.00e+0,25,39,36,9,15,1,4,3,12,34,47,38,21,26,3,12,161,1,2,3,84,39,3,26,27,5,91,1,6,1,1,43,12 (est.),13,16,16,6,50,18,18,8,4,30,4,59,3,4,33,41,"13  ",9,6,30,57,4,3,53,39,3,2,3,6,8,9,74,3,unknown,4,11,6,43,71,6,16,4,3,27,19,26,7,21,16,8.00e+0,44,22,10,8,10,60,6,16,1,70,26,3,0,2,23,3,921,6,15,53,8,10,14,27,24,14,4,31,48,6,25,10,11,about 0,0,28,19,53,90,5,0,4,1,33,34,1,29,3,18,"3  ",14,33,32,25,3,6,45,21,8,1,10,7,74,45,22,1,unknown,20,26,43,9,22,0,36,10,0,0,54,4,24,41,29,2,"29,0",0,17,12,42,0,4,7,39,50,26,2,0,32,40,11,221,75,0,4,9,7,28,28,28,63,13,19,4,1,23,5,2,about 0,70,15,71,12,1,1,9,30,11,4,46,46,12,32,4,6,89%,3,8,0,0,0,20,49,0,31,5,76,9,4,6,1,unknown,56,5,37,14,28,3,6,49,28,64,3,5,0,59,28,13
Texas,TRUE,TRUE,TRUE,TRUE,Friendly & Conventional,Moderate/Low,64.8,235,22.1,38,2,Solid Red,1.7,30503301,69021,38.5 years,34.3,11.5,15.2,13.6,26.8,18,48,16,15,3,60,23,6,9,2,3,NULL,33,41,16,33,43,12,3,9,51,17,16,11,5,6,10,52*,3,29,9,4,21,62,4,11,11,66,7,5,13,0,30,37,-1,63,14,15,6,2,14,24,33,21,8,32,47,16,2,3,4,TBD,34,35,21,49,23,1,19,8,66,11,4,1,18,12,19,23 points,35,11,11,32,23,21,13,45,30,6,14,5,7,5,17,18,NULL,32,9,28,29,2,15,63,19,1,2,34,31,4,19,12,26,<23,5,37,9,9,9,29,13,40,11,3,16,59,11,8,5,-1,13,1,1,69,14,9,7,19,12,39,13,17,32,8,16,18,TBD,9,22,21,10,38,19,23,4,51,3,27,5,12,56,0,10,13.00,6,15,56,3,1,4,2,90,0,34,8,21,37,13,8,NULL,21,48,31,19,24,26,0,45,10,18,7,20,23,8,3,51,<15,17,11,31,26,15,30,40,0,22,8,22,5,65,3,5,59,+24,4,12,1,25,13,12,6,44,78,1,9,2,10,44,3,TBD,0,4,3,7,5,30,55,45,13,18,10,14,23,10,1,52,14.00,15,3,2,40,40,98,0,0,2,0,16,12,58,7,7,14,—,19,12,4,71,29,0,0,0,47,28,11,6,8,28,6,<61,2,3,6,63,15,8,8,9,44,8,10,29,20,26,19,18,+17,11,17,40,4,28,41,14,7,6,32,38,35,8,18,1,5,N/A,9,32,52,46,25,17,2,10,11,1,2,3,83,38,5,31.00,21,5,86,1,9,3,1,43,15,8,8,26,5,53,19,16,—,3,32,4,59,2,6,29,39,17,9,6,33,56,3,2,57,34-35,3,3,3,5,8,7,77,3,38,4,11,7,40,64,8,+19,6,3,28,15,25,11,21,15,6,42,22,15,11,14,48,11,N/A,1,69,27,3,0,4,6,5,78,7,15,52,16,5,12,25,21*,15,5,34,41,4,30,7,18,0,0,26,18,56,89,4,—,6,1,27,41,1,27,4,22,2,12,34,30,28,4,8,45,15-16,7,2,9,10,72,35,40,2,6,17,33,33,13,21,0,35,13 points,2,0,50,4,20,33,38,5,31,0,21,19,29,0,4,N/A,44,46,20,1,0,26,53,13,15,68,0,4,6,5,26,33,30*,66,12,16,5,1,17,3,2,0,78,12,75,12,1,0,8,-1,10,3,47,41,12,39,4,4,92,2,6,0,0,0,18,51-52,0,31,4,85,3,4,4,2,1,63,4,30,20,28,3,6,43 points,49,40,4,7,0,56,33,11
Utah,TRUE,FALSE,FALSE,FALSE,Relaxed & Creative,Moderate/Low,708,200,45,38,5,Solid Red,3.5,3417734,69021,38.5,34.3,11.5,15.2,13.6,26.8,24,46,about 10,12,8,67,14,6,8,5,9,7,42,29,13,32,37,12,"9  ",10,49,22,9,15,5,6,9,53,3,29,6,1,22,65,6,unknown,18,30,16,5,21,3,28,26,22,61,12,19,7,1,18,33,"37,0",7,5,25,57,13,2,3,2,4,41,37,16,52,20,1,251,8,48,31,5,7,9,9,15,14,36,26,6,27,25,23,19,about 28,44,6,14,8,10,9,13,16,52,30,8,36,22,4,16,64,14%,1,5,52,18,2,22,6,15,26,2,42,15,9,9,22,unknown,47,12,5,19,59,5,11,3,76,9,1,4,64,9,10,13,"12,0",12,38,17,21,31,12,18,18,21,25,26,12,13,24,27,22,02,47,2,46,11,42,1,0,39,14,7,3,37,29,0,2,about 0,69,0,15,16,25,44,13,7,9,20,51,26,19,28,27,0,44%,9,15,10,22,14,11,3,64,8,24,11,31,23,11,22,39,?,23,16,22,3,64,3,8,65,24,2,9,0,23,7,9,"14,0",47,84,0,9,0,7,42,2,52,0,4,4,10,7,17,62,049,10,15,10,16,24,0,0,60,16,14,5,0,41,40,98,1,,1,0,12,12,55,10,11,0,78,22,0,0,0,0,0,0%,0,41,25,16,8,10,23,5,63,3,6,3,67,12,10,8,?,44,7,13,28,16,68,10,3,3,11,23,32,10,24,51,32,6 (est.),2,9,27,48,11,14,0,17,2,8,44,29,46,26,8,04,16,14,2,3,4,77,44,4,18,29,5,84,4,9,2,1,,19,11,15,11,7,53,17,16,7,3,25,7,61,4,5,35,3.90e+1,14,7,8,29,56,4,3,55,36,3,3,3,5,9,7,?,3,27,4,11,7,51,70,6,16,5,3,20,11,23,28,18,17 (est.),7,45,21,10,11,13,47,11,18,0,62,33,5,0,10,11,"3  ",69,7,20,43,10,8,19,27,19,14,5,35,54,8,23,,12,0,0,33,22,45,82,3,0,8,7,17,19,3,58,3,1.80e+1,6,4,34,38,61,3,6,13,17,4,1,21,21,53,19,43,31,5,30,35,33,13,19,0,19,24,2,0,55,2,12,24,44 (est.),18,59,0,10,10,21,0,4,11,48,37,24,1,0,33,42,"8  ",14,75,0,3,9,9,23,30,29,58,17,19,5,1,21,4,unknown,0,74,14,67,17,1,1,14,26,9,4,47,46,16,30,4.00e+0,4,89,4,7,0,0,0,14,59,0,27,4,58,2,6,30,21,1,66,7,25,14,32,2,3,49,35,55,5,5,0,62,25,about 13
Vermont,FALSE,FALSE,FALSE,FALSE,Friendly & Conventional,Moderate/Low,42.9,160,88,28.3,0,Solid Blue,15.4,647464,69021*,38.5,34.3,11.5,15.2,13.6,26.8,22,27,13,17,21,56,17,4,9,—,16,8,39,24,13,23,40,17,11,9,30,26,22,13,9,5,37-38,43,4,11,7,1,20,67,5,50,13,16,14,7,28,14,24,22 points,12,79,5,10,5,1,10,39,35,11,5,34,48,14,2,N/A,1,6,50,31,12,59,28,0,9,4,40,36,4,9,11,37,11*,18,21,13,14,20,6,20,40,22,37,11,11,19,14,12,15,-1,38,27,4,25,39,5,24,73,0,1,2,36,21,0,36,7-8,10,38,2,28,22,7,14,32,12,35,11,4,19,59,7,13,3 points,64,17,3,8,66,7,9,10,5,6,19,5,65,46,19,22,NULL,4,18,37,4,16,25,27,19,15,36,3,14,67,15,4,0*,21,34,5,19,21,5,21,40,7,27,0,10,30,34,26,21,-1,13,21,36,26,16,22,36,0,53,9,13,8,17,23,0,0,TBD,0,28,20,16,26,10,22,46,0,32,0,16,4,72,0,8 points,100,0,0,0,0,0,0,0,0,0,100,0,0,0,0,39,NULL,61,0,0,4,10,4,16,66,100,0,0,0,0,0,0,0,<0,0,26,0,0,38,36,100,0,0,0,0,8,14,56,13,-1,0,0,0,0,0,0,0,0,0,0,46,29,12,7,6,20,TBD,63,2,11,5,49,18,16,12,7,37,7,13,36,40,31,18,8.00,3,25,14,21,5,35,39,10,19,9,23,24,45,11,17,NULL,3,3,33,29,32,36,22,12,6,24,8,4,4,8,76,38,<5,22,26,9,92,2,4,1,1,33,13,21,24,9,8,50,16,+20,6,4,24,3,66,3,6,30,43,14,7,9,32,51,4,TBD,53,36,4,4,3,13,13,15,52,7,36,3,9,7,45,66,9.00,17,5,3,27,20,24,7,22,13,4,45,26,12,6,9,56,—,25,2,70,22,6,0,0,13,8,70,9,17,53,7,7,<16,72,11,4,1,12,62,12,19,0,7,0,0,28,23,49,85,+3,1,5,6,28,18,1,49,4,16,0,5,41,38,37,2,4,N/A,28,6,0,43,5,46,31,26,0,4,39,25,50,5,20,0.00,23,9,0,0,68,10,31,36,23,0,72,0,12,16,0,0,—,17,37,40,32,2,0,32,34,6,16,75,1,2,8,5,28,30-31,29,48,20,25,6,1,21,9,3,0,67,13,74,11,1,+1,12,25,5,0,58,47,17,25,4,7,82,10,8,0,0,0,N/A,50,0,27,0,88,0,0,12,1,2,57,8,32,21,24,0,0*,55,28,68,2,2,0,69,16,15
Virginia,FALSE,FALSE,TRUE,TRUE,Conventional & Duty-Bound,Moderate/Low,55.1,200,45,38,0,Swing State,3.5,8715698,69021,38.5,34.3,11.5,15.2,13.6,26.8,,42,15,14,6,60,23,5,9,3,5,5,43,32,15,30,44,1.30e+1,5,8,41,21,20,13,5,6,26,43,4,21,9,1,20,65,81,40,11,37,6,6,15,1,31,38,15,68,8,18,5,1,12 (est.),28,32,21,7,28,51,16,2,3,2,8,38,34,18,51,23,"0  ",19,7,50,22,5,5,18,15,17,19,38,11,30,22,20,16,unknown,31,30,8,17,14,9,7,20,11,53,35,4,28,30,3,2.00e+1,73,1,4,2,37,26,4,27,6,17,28,9,35,11,8,10,341,14,38,8,6,17,58,11,9,4,71,14,2,2,79,6,8,about 5,18,10,37,13,22,35,10,16,17,22,16,24,19,10,31,"20  ",25,7,43,5,48,39,9,4,0,5,12,22,56,5,2,36,unknown,0,4,0,30,13,25,32,16,6,8,22,48,25,12,28,35,"0,0",44,10,18,9,19,22,7,4,54,13,18,13,26,28,15,411,43,0,24,8,25,5,61,2,7,78,5,4,13,0,25,12,about 15,6,42,81,0,9,0,10,43,3,48,0,6,4,8,4,32,52%,47,8,19,10,16,19,13,0,51,17,15,5,2,41,37,unknown,1,0,2,0,14,14,54,9,9,16,59,15,10,0,100,0,"0,0",0,0,48,29,11,6,6,26,3,65,2,4,5,57,14,10,014,7,43,8,11,31,27,33,25,10,5,13,18,39,4,26,about 45,9,6,9,31,40,29,8,22,1,2,3,17,27,51,43,14,24%,3,16,6,2,1,3,88,28,3,46,17,6,91,1,5,2,?,40,15,12,16,17,7,51,18,17,7,3,26,4,64,3,"4,0",56,25,9,6,6,32,55,4,3,61,32,3,2,2,7,9,09,72,3,36,5,11,7,41,67,8,18,5,2,31,16,25,8,,13,6,48,22,11,9,9,62,5,15,2,65,30,3,0,2%,5,4,82,7,13,60,9,6,12,30,20,15,5,30,53,7,?,7,11,0,0,29,22,49,87,5,0,6,2,30,36,1,28,5 (est.),19,3,10,38,30,33,5,8,35,19,4,5,8,9,74,040,24,2,9,25,35,29,9,27,0,26,13,4,0,57,4,25,,31,3,26,0,25,27,22,0,4,10,44,42,26,2,0,31,4.10e+1,12,15,69,0,4,7,6,27,32,28,59,13,21,5,2,?,4,1,0,77,14,75,10,1,0,11,30,12,4,43,46,11,35 (est.),4,4,93,2,5,0,0,0,18,52,1,29,6,78,5,6,"5  ",1,1,63,5,30,19,25,4,7,45,41,49,4,6,0,,24,13
Washington,FALSE,TRUE,TRUE,FALSE,Relaxed & Creative,High,48.3,152,88.3,38,3,Solid Blue,<3.5,7812880,69021,38.5,34.3,11.5,15.2,13.6,26.8,21,39,17,17,6,59,22,6,+9,4,8,7,36,33,16,24,41,19,4,12,33,21,21,20,5,N/A,11,57,3,23,9,2,22,61,6,18,15,46,10,11,11,4.00,22,48,15,68,8,17,6,1,16,29,35,14,6,40,46,12,—,1,5,7,30,39,19,53,17,1,18,11,44,26,5,15,10,15-16,17,16,29,23,17,26,18,18,21,38,36,5,12,9,15,+8,21,16,40,29,6,31,31,3,18,75,1,1,5,44,22,1,N/A,5,10,33,3,37,17,10,9,32,12,37,12,4,18,60,6,9*,3,81,6,1,4,70,9,7,10,12,14,38,11,25,35,—,19,20,13,18,30,12,13,27,18,22,1,57,2,60,15,23,2-3,0,4,20,1,2,73,11,1,4,0,84,0,25,19,25,31,10 points,7,8,22,53,24,23,23,30,0,44,10,16,9,21,16,N/A,3,62,11,23,14,24,28,11,24,43,0,25,8,29,5,56,2*,8,72,17,4,7,0,20,15,13,12,40,88,0,7,0,5,-1,3,52,0,5,5,10,6,20,59,47,12,18,8,15,14,12-13,0,57,17,13,4,1,45,37,97,1,0,2,0,11,18,48,13 points,10,10,57,20,13,0,100,0,0,0,0,45,32,12,5,6,NULL,5,61,2,5,4,60,14,13,9,7,38,6,17,32,27,35*,27,7,4,13,24,37,5,21,60,10,4,4,22,31,36,11,-1,1,5,2,6,56,31,48,29,5,3,15,8,2,3,5,82,TBD,6,17,25,6,89,2,6,1,2,48,17,11,10,14,4,82 points,7,5,2,2,20,6,69,3,6,34,41,13,6,7,29,57,NULL,3,55,36,3,3,3,6,9,8,74,3,38,4,12,6,40,<68,6,18,5,3,29,14,26,6,25,12,5,53,20,10,11,-1,48,10,17,5,65,26,4,0,3,11,3,78,5,16,56,5,TBD,15,50,17,9,3,21,60,9,21,2,8,0,0,35,20,45,84.00,5,0,8,3,28,28,3,36,5,18,3,3,34,42,60,NULL,5,15,16,2,20,8,8,62,17,46,1,2,34,39,35,10,<16,0,6,11,40,0,43,9,16,29,38,8,30,0,29,17,24,+0,5,16,38,41,25,1,0,31,43,9,16,73,0,2,7,TBD,24,35,27,55,18,20,5,2,17,6,2,0,75,14,72,13,1.00,0,12,27,11,5,45,47,14,32,3,4,92,3,5,0,0,—,14,60,0,26,5,60,3,4,28,1,1,64,7,27,14,<21,4,8,53,34,58,5,3,0,64,22,14
West Virginia,FALSE,FALSE,FALSE,FALSE,Conventional & Duty-Bound,Moderate/Low,51.8,200,45,49.6,0,Solid Red,3.5,1770071,69021,38.5,34.3,11.5,15.2,13.6,?,27,46,17,7,3,68,17,3,9,3,4,3,53,27,13,23,49 (est.),13,4,11,55,18,16,6,5,2,32,46,3,17,9,2,020,66,3,19,9,45,21,6,24,0,28,31,17,83,4,7,5,,9,27,45,13,6,13,59,24,2,2,3,7,26,43,21,56,2.30e+1,0,17,4,42,32,6,4,16,9,19,17,37,18,26,33,?,19,15,26,33,11,20,10,4,4,9,9,74,40,4,23,31,2 (est.),21,73,0,4,2,29,31,4,28,8,16,35,3,37,9,8,"14  ",29,16,33,7,8,13,55,17,8,4,67,20,1,2,76,,6,8,15,7,39,15,24,26,13,20,24,17,25,30,5,6,3.40e+1,31,16,7,42,4,38,42,12,7,1,11,39,11,29,10,0,871,10,0,3,0,18,14,32,36,23,7,7,22,41,26,11,31 (est.),32,0,47,9,19,9,16,20,15,0,56,9,20,12,33,24,"11  ",13,57,0,17,13,16,4,75,1,4,74,9,0,17,0,29,unknown,0,0,50,86,0,0,0,14,41,3,49,0,7,5,7,6.00e+0,35,47,64,0,19,0,17,0,0,0,100,0,16,0,0,50,541,100,0,0,0,0,13,10,63,7,7,3,97,0,0,0,0,about 100,0,0,0,44,29,11,9,7,22,5,66,2,5,4,53,"19  ",13,11,6,42,6,12,34,11,65,14,8,2,16,13,29,7,unknown,72,5,4,5,14,24,53,9,13,1,9,4,15,35,37,33,"21,0",27,4,15,7,2,2,4,85,29,4,41,20,6,90,2,281,2,1,44,12,11,23,10,7,42,20,21,10,5,31,3,57,about 4,4,43,30,13,10,7,34,51,5,3,61,31,3,2,3,8,13%,15,60,4,34,3,12,5,46,66,8,17,6,3,24,25,unknown,6,18,23,7,38,21,11,8,10,61,5,16,1,69,26,4,"0,0",4,12,6,69,9,19,51,9,4,17,26,20,14,4,36,58,05,19,6,12,0,0,26,13,61,94,3,0,2,1,26,29,about 0,42,3,15,2,7,41,35,17,4,5,37,37,8,1,13,11,67%,46,19,0,13,22,23,37,6,34,0,23,9,0,0,68,8,?,44,23,0,100,0,0,0,0,0,4,8,53,35,26,1,"0,0",25,48,10,11,76,0,3,10,8,31,28,23,53,19,23,4,01,21,6,3,0,70,16,69,12,2,1,9,25,10,6,50,49,,28,3,6,88,4,8,0,0,0,14,48,0,38,3,86,4%,2,5,2,2,52,5,39,15,27,0,0,58,20,75,3,2,?,66,19,15
Wisconsin,TRUE,FALSE,FALSE,FALSE,Conventional & Duty-Bound,Moderate/Low,43.1,200,45,38,0,Swing State,4.8,5910955,69021,38.5,34.3,11.5,15.2,13.6,26.8,27,35,15,11,12,71,15,4.00,7,3,5,3,56,23,13,21,47,20,5,7,32,33,18,NULL,8,3,18,33,4,42,4,2,18,71,5,60,6,20,11,3,<18,3,30,33,16,75,7,11,6,1,12,32,40,11,5,19,60,+16,2,3,12,4,33,38,13,56,19,0,19,6,45,35,6,TBD,10,11,20,17,28,24,13,34,14,21,18,26,35,8,15,16,6.00,5,18,12,59,27,5,28,38,2,19,76,1,1,3,45,17,—,30,6,11,38,3,36,12,9,13,29,12,37,10,2,18,<64,6,9,3,71,15,2,2,71,8,5,14,16,10,30,10,34,+33,14,21,22,10,12,28,14,11,35,24,18,8,46,4,64,23,N/A,3,0,95,3,0,1,1,8,10,26,9,47,0,13,19,29.00,39,20,6,8,22,44,30,17,24,28,1,47,8,15,10,20,—,8,3,69,7,19,14,27,28,12,17,53,0,18,12,16,3,73-74,2,6,63,24,3,10,0,16,16,9,8,51,78,0,12,+5,5,37,3,52,0,8,5,8,5,18,64,50,11,15,11,13,N/A,9,0,63,11,16,3,2,38,41,100,0,0,0,0,10,10,62*,10,8,0,64,22,14,0,0,0,0,0,0,43,27,11,—,9,18,3,75,1,3,4,47,21,13,15,8,42,6,11,33,13-14,74,8,3,2,2,82,7,0,9,57,7,10,5,21,36,36,10 points,16,2,9,3,14,34,40,47,16,10,5,22,10,2,4,N/A,79,33,4,34,22,7,88,7,3,1,1,33,12,12,33,10,7*,50,19,17,7,3,27,5,61,4,5,32,40,14,9,6,29,-1,4,3,54,37,3,3,3,6,10,10,71,3,32,3,11,5-6,49,63,9,20,5,3,27,16,27,9,21,12,5,56,18,9,9 points,8,54,11,18,1,64,19,16,0,4,6,9,70,11,15,54,NULL,7,16,70,10,5,2,13,62,9,19,2,8,0,0,26,15*,59,91,4,0,4,1,42,32,1,21,4,17,2,10,38,33,-1,6,6,33,26,1,0,67,3,29,45,21,1,7,26,18,51,TBD,25,0,14,17,2,0,67,10,26,36,24,4,63,0,10,8 points,19,0,6,13,44,37,28,3,0,31,38,8,14,74,0,4,NULL,10,25,27,29,53,17,25,4,1,21,6,3,0,70,16,70,<13,1,0,9,24,10,4,53,48,15,28,4,5,87,4,9,-1,0,0,17,51,1,31,6,75,4,3,12,1,1,61,5,32,TBD,24,5,5,55,20,75,2,3,0,68,19,13
Wyoming,FALSE,FALSE,FALSE,FALSE,Conventional & Duty-Bound,Moderate/Low,42,200,78.1,38,2,Solid Red,9.2,584057,69021,38.5,34.3,11.5,15.2,013.6,26.8,25,43,12,12,8,50,33,5,9,3,5,7,39,35,about 14,24,43,14,9,10,44,15,16,17,8,21,11,39,3,26,11,3%,14,65,7,12,18,48,12,10,7,1,43,26,23,64,12,18,?,2,19,32,31,11,7,11,65,14,3,7,2,12,25,38,"23,0",67,13,3,11,6,53,28,4,4,11,6,32,33,14,15,10,031,13,20,26,51,35,4,7,3,17,21,17,17,28,31,6,25,,12,20,69,2,1,8,40,25,1,29,5,13,31,2,39,15%,4,15,23,19,39,7,2,26,54,11,7,4,76,10,3,2,?,10,6,8,13,9,46,13,19,54,19,11,12,4,18,24,5,12 (est.),41,36,12,2,48,2,43,24,25,6,2,56,12,2,7,023,10,5,18,1,66,0,5,9,67,19,29,1,2,34,34,24,,24,31,0,53,9,12,9,17,15,8,0,65,12,10,13,17,5.20e+1,8,13,42,0,45,0,42,0,51,3,4,88,12,0,0,?,0,0,0,0,100,81,0,0,0,19,52,2,44,0,2,6,10 (est.),2,19,63,60,9,12,13,6,43,0,0,57,0,18,3,0,"40  ",39,100,0,0,0,0,3,15,72,4,6,0,0,0,0,,0,0,0,0,0,52,29,10,4,5,21,4,52,10,13,5,5.00e+1,18,16,11,6,60,4,9,21,26,38,25,5,6,10,23,26,181,31,67,18,3,2,10,28,39,22,11,0,24,5,16,22,33 (est.),47,28,7,3,15,16,1,2,4,77,38,6,28,21,7,90,"3  ",4,2,1,38,33,11,10,8,8,42,14,26,10,4,26,4,unknown,2,4,33,42,15,6,7,27,59,3,4,46,48,3,2,1.00e+0,11,16,9,60,4,31,5,15,7,42,70,6,14,6,4,35,251,24,7,19,22,6,42,18,12,14,12,30,32,12,0,66,26,about 8,0,11,9,1,75,4,23,50,10,5,12,37,11,20,3,"29  ",66,7,22,0,5,0,0,35,29,36,87,4,0,4,5,20,unknown,1,57,3,23,1,1,45,30,52,2,7,19,20,2,0,18,"5,0",75,53,11,1,2,33,72,14,5,9,0,8,21,0,0,711,5,21,42,32,0,53,0,12,23,12,0,6,8,36,50,32,about 2,0,37,29,15,15,65,0,5,5,3,26,39,27,65,14,11,7%,3,12,5,1,0,82,25,58,14,3,0,9,61,15,3,unknown,35,14,38,8,5,96,1,3,0,0,1,25,42,1,31,6,"67,0",2,12,13,1,1,74,5,19,10,17,5,14,54,54,34,7,05,0,73,12,15
California,TRUE,TRUE,TRUE,"False ",Relaxed & Creative,High,59.4,+265,38.5,32.9,9,Solid Blue,3.2,38965193,69021,38.5,34.3,11.5,15.2,13.6,26.8,19,38,17,N/A,5,56,27,6,9,2,5,9,28,42,16,32,37,18,4,9.00,31,20,21,22,6,7,9,58,3,23,8,2,18,67,5,15,—,54,7,8,10,0,20,32,38,63,12,19,5,1,18,30,30,16-17,6,33,52,10,2,3,2,9,39,34,16,50,17,1,18,+14,48,15,7,15,15,16,22,21,31,10,12,27,29,17,15,46,N/A,5,10,11,11,9,22,16,42,38,9,24,26,3,18,77,1,1*,3,43,22,4,26,5,13,32,5,34,16,8,8,29,13,—,14,3,19,58,6,9,6,73,10,2,2,69,10,11,8,19,11-12,40,10,20,34,9,18,23,16,12,31,20,14,23,18,21,2,57 points,2,35,6,58,1,0,2,12,1,1,84,26,0,3,0,N/A,0,19,9,23,49,13,6,7,23,51,25,26,19,30,0,46,9*,15,8,22,18,6,3,57,16,22,11,25,28,14,30,43,0,-1,5,42,4,45,3,6,73,12,5,9,1,26,14,11,4,45-46,81,0,10,1,8,46,2,49,0,3,4,9,6,18,63,45,12 points,17,10,16,19,10,4,53,14,15,2,1,44,38,96,1,0,NULL,0,13,16,54,9,8,10,46,22,19,3,76,24,0,0,0*,48,29,15,2,6,27,8,60,2,3,5,58,15,11,11,7,-1,7,14,31,32,28,22,11,7,18,17,38,10,17,68,16,2,TBD,12,38,37,9,16,0,3,2,10,26,59,49,25,6,2,18 points,12,2,3,4,79,42,6,23,24,5,88,1,7,2,2,40,NULL,8,6,11,7,51,21,15,6,2,28,5,62,3,5,32,40,<15,8,7,29,57,4,3,57,35,3,3,2,6,7,6,79,-1,42,5,11,6,36,64,7,21,5,3,30,14,24,9,23,12,TBD,42,24,17,18,16,41,7,18,0,66,31,3,0,3,5,3,82.00,7,15,51,12,8,14,31,22,14,3,30,64,6,22,1,NULL,0,0,38,23,39,77,7,0,11,5,26,40,2,27,5,16,<4,4,40,36,52,3,6,23,16,5,4,9,11,71,37,27,2,+5,29,47,24,13,16,0,10,24,6,0,60,5,20,26,42,TBD,20,0,29,25,26,0,4,10,37,49,22,1,0,28,49,12,19.00,66,0,3,5,6,26,34,29,63,11,18,6,2,12,4,1,—,83,15,70,14,1,0,11,32,11,4,42,39,12,42,4,<3,93,2,5,0,0,0,18,58,0,24,5,82,2,4,7,1,+1,64,7,27,21,22,3,13,41,57,31,8,4,0,60,28,12
"Calif. ",TRUE,TRUE,TRUE,"False ",Relaxed & Creative,High,59.4°F,+265,38.5,32.9,9,Solid Blue,3.2,"38,965,193","$69,021",38.5,34.3,11.5,15.2,13.6,26.8,19,38,17,N/A,5,56,27,6,9,2,5,9,28,42,16,32,37,18,4,9.00,31,20,21,22,6,7,9,58,3,23,8,2,18,67,5,15,—,54,7,8,10,0,20,32,38,63,12,19,5,1,18,30,30,16-17,6,33,52,10,2,3,2,9,39,34,16,50,17,1,18,+14,48,15,7,15,15,16,22,21,31,10,12,27,29,17,15,46,N/A,5,10,11,11,9,22,16,42,38,9,24,26,3,18,77,1,1*,3,43,22,4,26,5,13,32,5,34,16,8,8,29,13,—,14,3,19,58,6,9,6,73,10,2,2,69,10,11,8,19,11-12,40,10,20,34,9,18,23,16,12,31,20,14,23,18,21,2,57 points,2,35,6,58,1,0,2,12,1,1,84,26,0,3,0,N/A,0,19,9,23,49,13,6,7,23,51,25,26,19,30,0,46,9*,15,8,22,18,6,3,57,16,22,11,25,28,14,30,43,0,-1,5,42,4,45,3,6,73,12,5,9,1,26,14,11,4,45-46,81,0,10,1,8,46,2,49,0,3,4,9,6,18,63,45,12 points,17,10,16,19,10,4,53,14,15,2,1,44,38,96,1,0,NULL,0,13,16,54,9,8,10,46,22,19,3,76,24,0,0,0*,48,29,15,2,6,27,8,60,2,3,5,58,15,11,11,7,-1,7,14,31,32,28,22,11,7,18,17,38,10,17,68,16,2,TBD,12,38,37,9,16,0,3,2,10,26,59,49,25,6,2,18 points,12,2,3,4,79,42,6,23,24,5,88,1,7,2,2,40,NULL,8,6,11,7,51,21,15,6,2,28,5,62,3,5,32,40,<15,8,7,29,57,4,3,57,35,3,3,2,6,7,6,79,-1,42,5,11,6,36,64,7,21,5,3,30,14,24,9,23,12,TBD,42,24,17,18,16,41,7,18,0,66,31,3,0,3,5,3,82.00,7,15,51,12,8,14,31,22,14,3,30,64,6,22,1,NULL,0,0,38,23,39,77,7,0,11,5,26,40,2,27,5,16,<4,4,40,36,52,3,6,23,16,5,4,9,11,71,37,27,2,+5,29,47,24,13,16,0,10,24,6,0,60,5,20,26,42,TBD,20,0,29,25,26,0,4,10,37,49,22,1,0,28,49,12,19.00,66,0,3,5,6,26,34,29,63,11,18,6,2,12,4,1,—,83,15,70,14,1,0,11,32,11,4,42,39,12,42,4,<3,93,2,5,0,0,0,18,58,0,24,5,82,2,4,7,1,+1,64,7,27,21,22,3,13,41,57,31,8,4,0,60,28,12
,TRUE,TRUE,TRUE,TRUE,Friendly & Conventional,Moderate/Low,64.8,235,22.1,38,2,TBD,1.7,unknown,69021,38.5 years,34.3,11.5,15.2,13.6,26.8,18,48,16,15,3,60,23,6,9,2,3,NULL,33,41,16,33,43,12,3,9,51,17,16,11,5,6,10,52*,3,29,9,4,21,62,4,11,11,66,7,5,13,0,30,37,-1,63,14,15,6,2,14,24,33,21,8,32,47,16,2,3,4,TBD,34,35,21,49,23,1,19,8,66,11,4,1,18,12,19,23 points,35,11,11,32,23,21,13,45,30,6,14,5,7,5,17,18,NULL,32,9,28,29,2,15,63,19,1,2,34,31,4,19,12,26,<23,5,37,9,9,9,29,13,40,11,3,16,59,11,8,5,-1,13,1,1,69,14,9,7,19,12,39,13,17,32,8,16,18,TBD,9,22,21,10,38,19,23,4,51,3,27,5,12,56,0,10,13.00,6,15,56,3,1,4,2,90,0,34,8,21,37,13,8,NULL,21,48,31,19,24,26,0,45,10,18,7,20,23,8,3,51,<15,17,11,31,26,15,30,40,0,22,8,22,5,65,3,5,59,+24,4,12,1,25,13,12,6,44,78,1,9,2,10,44,3,TBD,0,4,3,7,5,30,55,45,13,18,10,14,23,10,1,52,14.00,15,3,2,40,40,98,0,0,2,0,16,12,58,7,7,14,—,19,12,4,71,29,0,0,0,47,28,11,6,8,28,6,<61,2,3,6,63,15,8,8,9,44,8,10,29,20,26,19,18,+17,11,17,40,4,28,41,14,7,6,32,38,35,8,18,1,5,N/A,9,32,52,46,25,17,2,10,11,1,2,3,83,38,5,31.00,21,5,86,1,9,3,1,43,15,8,8,26,5,53,19,16,—,3,32,4,59,2,6,29,39,17,9,6,33,56,3,2,57,34-35,3,3,3,5,8,7,77,3,38,4,11,7,40,64,8,+19,6,3,28,15,25,11,21,15,6,42,22,15,11,14,48,11,N/A,1,69,27,3,0,4,6,5,78,7,15,52,16,5,12,25,21*,15,5,34,41,4,30,7,18,0,0,26,18,56,89,4,—,6,1,27,41,1,27,4,22,2,12,34,30,28,4,8,45,15-16,7,2,9,10,72,35,40,2,6,17,33,33,13,21,0,35,13 points,2,0,50,4,20,33,38,5,31,0,21,19,29,0,4,N/A,44,46,20,1,0,26,53,13,15,68,0,4,6,5,26,33,30*,66,12,16,5,1,17,3,2,0,78,12,75,12,1,0,8,-1,10,3,47,41,12,39,4,4,92,2,6,0,0,0,18,51-52,0,31,4,85,3,4,4,2,1,63,4,30,20,28,3,6,43 points,49,40,4,7,0,56,33,11
