Planet,Main Species,Favorite Activity,States/Regions,Main Food Dish,Climate,Moons
ROMULUS,Romulan,Espionage,46,Ale Soup,temperate,5
Hoth,Human ,Ice Sculpting ,7,FROZEN STEW,frozen,4
ROMULUS,ROMULAN,espionage,44,ale soup,Temperate,5
Ego ,Celestial,MEDITATION,3,COSMIC FRUIT,VARIABLE,0
Ego ,Celestial,MEDITATION,1,Cosmic Fruit,variable,0
Gallifrey,Time Lord ,Time-Travel,14,Chrono Cakes,Variable ,2
Ego ,celestial,Meditation,2,cosmic fruit,Variable,0
GALLIFREY,TIME LORD,Time Travel,14,chrono cakes,Variable ,2
Vulcan,Vulcan,Logic Debates ,40,plomeek soup,Hot Dry ,0
Pandora ,Na’vi,Tree Climbing,18,GLOWFRUIT SALAD,Humid ,3
Hoth ,Human,ice sculpting,10,Frozen Stew,frozen,4
VulcAn,VULCAN,Logic-Debates,40,Plomeek Soup,hot dry,1
Ego,Celestial,MEDITATION,1,cosmic fruit,Variable,1
Ego,Celestial,meditation,3,cosmic fruit,variable,0
EGO,celestial,Meditation,1,Cosmic Fruit,VARIABLE,0
Ego,Celestial ,Meditation ,2,cosmic fruit,Variable ,0
Romulus,romulan,Espionage,45,ale soup,Temperate,5
coruscant,HUMAN,Politics,102,Nerf Steak ,urban,4
romulus,Romulan,Espionage ,43,Ale Soup,TEMPERATE,5
mandalore,Mandalorian,Armor Crafting ,22,SPICY RATION STEW,SEMI-ARID,1
Xandar,Xandarian,Star-Racing,38,Nova Noodles,Tropical,3
Mandalore ,Mandalorian ,Armor Crafting,22,Spicy Ration Stew ,Semi-Arid,2
xANDAR,xandarian,Star-Racing,39,Nova Noodles,TROPICAL,2
CoruscAnt,Human,Politics ,102,NERF STEAK,URBAN,4
Ego ,celestial,meditation,2,Cosmic Fruit,Variable ,0
vULCAN,Vulcan,LOGIC DEBATES,39,Plomeek Soup ,Hot Dry,0
krypton,Kryptonian,FLYING,28,Sunfruit Stew ,Crystal Temperate,2
Hoth,Human,Ice-Sculpting,8,FROZEN STEW,Frozen,4
hOTH,Human,Ice Sculpting,9,Frozen Stew,FROZEN,3
Ego,celestial,meditation,1,Cosmic Fruit ,variable,0
asgard,asgardian,Feasting,9,golden boar roast,Cool Majestic,1
tATOOINE,Human ,Pod Racing,12,ROASTED BANTHA,Arid,3
Ego,Celestial,MEDITATION,0,cosmic fruit,Variable,1
Tatooine,Human,pod racing,12,Roasted Bantha,arid,4
MANDALORE,Mandalorian,Armor Crafting ,23,Spicy Ration Stew,Semi-Arid,1
Qo'noS ,Klingon ,Bat'leth Training ,31,GAGH,Harsh,1
qo'nos,klingon,Bat'leth-Training,31,GAGH,Harsh,2
tatooine,HUMAN,Pod Racing ,12,ROASTED BANTHA,Arid ,4
Earth,Human,GAMING,50,PIZZA,temperate,1
romulus,ROMULAN,ESPIONAGE,43,ALE SOUP,Temperate ,5
naboo,gungan,boating,24,swamp gumbo,mild,2
gallifrey,time lord,Time-Travel,13,Chrono Cakes,VARIABLE,3
NAboo,gungan,Boating ,23,Swamp Gumbo,Mild ,2
PAndorA,na’vi,Tree-Climbing,16,glowfruit salad,HUMID,2
Coruscant,Human,Politics ,102,NERF STEAK,Urban ,4
MAndAlore,Mandalorian,Armor-Crafting,22,SPICY RATION STEW,Semi-Arid,1
pANDORA,NA’VI,Tree Climbing ,16,Glowfruit Salad ,humid,2
tATOOINE,HUMAN,pod racing,13,Roasted Bantha,arid,4
MANDALORE,Mandalorian,Armor Crafting,22,Spicy Ration Stew,SEMI-ARID,1
romulus,Romulan,Espionage,43,Ale Soup,TEMPERATE,5
Hoth,Human,Ice-Sculpting,8,Frozen Stew,FROZEN,4
Tatooine,Human,Pod Racing ,12,roasted bantha,arid,3
xandar,Xandarian ,STAR RACING,37,Nova Noodles,tropical,2
tatooine,Human,Pod Racing,12,Roasted Bantha,arid,3
coruscant,Human,POLITICS,102,Nerf Steak,urban,4
TAtooine,human,pod racing,13,Roasted Bantha,arid,4
earth,Human,gaming,49,Pizza ,Temperate,2
Earth ,Human ,Gaming,49,PIZZA,Temperate,1
HOTH,Human,Ice Sculpting ,9,Frozen Stew ,frozen,3
naboo,Gungan,Boating ,24,Swamp Gumbo,Mild,3
Pandora ,na’vi,Tree Climbing,16,glowfruit salad,Humid ,3
vulcan,vulcan,logic debates,40,Plomeek Soup ,Hot Dry ,0
ASGARD,Asgardian,FEASTING,10,GOLDEN BOAR ROAST,Cool Majestic ,2
NABOO,Gungan,Boating ,25,SWAMP GUMBO,Mild,2
TATOOINE,Human,pod racing,13,ROASTED BANTHA,arid,3
MAndAlore,MANDALORIAN,Armor Crafting ,21,Spicy Ration Stew ,Semi-Arid,1
Ego,CELESTIAL,MEDITATION,2,Cosmic Fruit ,VARIABLE,0
MAndAlore,Mandalorian,armor crafting,22,Spicy Ration Stew,Semi-Arid,1
Qo'noS,klingon,BAT'LETH TRAINING,30,Gagh,harsh,1
vULCAN,vulcan,Logic Debates ,39,plomeek soup,Hot Dry ,1
Earth,Human,Gaming,50,Pizza ,temperate,1
aSGARD,Asgardian ,Feasting,11,Golden Boar Roast,Cool Majestic ,1
HOTH,Human ,ice sculpting,8,Frozen Stew,Frozen ,4
Coruscant ,Human ,Politics,102,nerf steak,Urban,5
PAndorA,na’vi,TREE CLIMBING,16,GLOWFRUIT SALAD,Humid,3
NABOO,Gungan,Boating ,25,Swamp Gumbo,Mild,2
QO'NOS,Klingon,bat'leth training,31,gagh,Harsh ,1
hoth,Human ,Ice Sculpting,8,Frozen Stew ,frozen,4
Asgard,Asgardian ,feasting,8,Golden Boar Roast ,Cool Majestic,2
NAboo,Gungan,boating,23,SWAMP GUMBO,MILD,2
gallifrey,Time Lord ,time travel,13,Chrono Cakes,VARIABLE,3
asgard,Asgardian,Feasting,9,golden boar roast,Cool Majestic ,1
Qo'noS,Klingon,Bat'leth Training,33,GAGH,HARSH,1
EGO,Celestial,Meditation,2,Cosmic Fruit,Variable ,0
cORUSCANT,Human,POLITICS,102,NERF STEAK,Urban ,4
Ego,Celestial ,MEDITATION,3,Cosmic Fruit ,VARIABLE,0
Naboo,Gungan,BOATING,25,swamp gumbo,mild,2
PANDORA,Na’vi ,TREE CLIMBING,18,Glowfruit Salad,Humid ,2
Pandora,NA’VI,tree climbing,17,Glowfruit Salad ,Humid,3
EGO,Celestial,Meditation ,0,cosmic fruit,VARIABLE,1
qo'noS,Klingon ,Bat'leth Training ,31,gagh,Harsh ,1
XANDAR,XANDARIAN,Star-Racing,38,Nova Noodles ,TROPICAL,2
XANDAR,XANDARIAN,Star Racing,37,Nova Noodles,Tropical ,2
EGO,Celestial,meditation,0,cosmic fruit,VARIABLE,0
Pandora ,NA’VI,Tree Climbing,16,GLOWFRUIT SALAD,Humid ,3
Krypton ,KRYPTONIAN,Flying ,27,sunfruit stew,Crystal Temperate,2
krypton,kryptonian,flying,28,Sunfruit Stew,Crystal Temperate ,3
hOTH,Human,Ice Sculpting,9,FROZEN STEW,frozen,4
Ego ,Celestial,Meditation,2,COSMIC FRUIT,variable,0
vULCAN,VULCAN,LOGIC DEBATES,40,PLOMEEK SOUP,HOT DRY,0
qo'nos,klingon,BAT'LETH TRAINING,31,Gagh,HARSH,1
Tatooine,HUMAN,Pod-Racing,12,Roasted Bantha,arid,3
Gallifrey,TIME LORD,Time Travel ,15,CHRONO CAKES,variable,3
Coruscant,Human,POLITICS,102,Nerf Steak,URBAN,4
Hoth,HUMAN,ice sculpting,8,frozen stew,Frozen,4
Naboo,Gungan,boating,23,swamp gumbo,mild,3
Romulus,Romulan,Espionage,45,ale soup,temperate,5
XAndAr,Xandarian ,Star Racing ,37,Nova Noodles,tropical,2
Krypton,Kryptonian,Flying,30,Sunfruit Stew ,crystal temperate,3
gallifrey,Time Lord ,time travel,12,Chrono Cakes ,VARIABLE,3
VulcAn,Vulcan,Logic Debates ,39,PLOMEEK SOUP,hot dry,0
ROMULUS,Romulan ,Espionage ,44,Ale Soup ,TEMPERATE,6
PANDORA,Na’vi ,TREE CLIMBING,16,glowfruit salad,humid,2
krypton,Kryptonian ,Flying,28,Sunfruit Stew ,crystal temperate,3
VulcAn,vulcan,logic debates,39,Plomeek Soup,HOT DRY,1
hoth,HUMAN,ICE SCULPTING,8,frozen stew,frozen,3
Vulcan ,vulcan,LOGIC DEBATES,41,plomeek soup,hot dry,1
hOTH,human,ice sculpting,8,Frozen Stew ,Frozen,3
KRYPTON,Kryptonian,Flying,29,Sunfruit Stew,Crystal Temperate,3
Qo'noS,klingon,bat'leth training,32,gagh,harsh,1
earth,Human,Gaming,50,Pizza ,temperate,1
vULCAN,vulcan,Logic Debates ,39,Plomeek Soup,HOT DRY,0
earth,Human,Gaming,49,Pizza ,TEMPERATE,2
Coruscant,human,Politics ,104,NERF STEAK,Urban,4
Krypton,Kryptonian,Flying,28,SUNFRUIT STEW,Crystal Temperate,2
rOMULUS,romulan,espionage,45,Ale Soup,TEMPERATE,6
Gallifrey ,Time-Lord,Time-Travel,13,Chrono Cakes ,Variable,2
Earth ,HUMAN,GAMING,50,Pizza ,temperate,1
CoruscAnt,Human ,Politics ,101,nerf steak,Urban,5
hOTH,Human ,Ice-Sculpting,8,Frozen Stew,FROZEN,3
asgard,asgardian,Feasting,9,GOLDEN BOAR ROAST,Cool Majestic,1
tatooine,HUMAN,Pod Racing,13,roasted bantha,Arid,3
vulcan,Vulcan,logic debates,39,plomeek soup,hot dry,1
Hoth,Human ,Ice Sculpting ,8,FROZEN STEW,frozen,4
hoth,Human,ice sculpting,9,Frozen Stew ,FROZEN,3
QO'NOS,Klingon,BAT'LETH TRAINING,33,Gagh,harsh,2
kRYPTON,Kryptonian,Flying,27,SUNFRUIT STEW,crystal temperate,2
eARTH,Human ,Gaming,51,PIZZA,temperate,2
PAndorA,Na’vi,tree climbing,17,glowfruit salad,HUMID,2
asgard,Asgardian,feasting,9,golden boar roast,cool majestic,1
QO'NOS,Klingon,Bat'leth Training,30,Gagh ,Harsh,1
PANDORA,Na’vi,Tree-Climbing,16,Glowfruit Salad ,humid,2
qO'NOs,Klingon,Bat'leth Training ,31,GAGH,Harsh ,1
VulcAn,Vulcan,LOGIC DEBATES,40,Plomeek Soup,hot dry,1
aSGARD,ASGARDIAN,feasting,11,golden boar roast,Cool Majestic ,1
ASGARD,asgardian,Feasting ,9,Golden Boar Roast ,COOL MAJESTIC,1
naboo,GUNGAN,Boating ,25,SWAMP GUMBO,Mild ,2
MANDALORE,Mandalorian ,armor crafting,24,SPICY RATION STEW,Semi-Arid,1
vulcan,Vulcan ,Logic Debates,40,Plomeek Soup,Hot Dry ,0
mandalore,Mandalorian,Armor Crafting ,21,SPICY RATION STEW,Semi-Arid ,1
kRYPTON,KRYPTONIAN,Flying,30,sunfruit stew,crystal temperate,3
Gallifrey ,Time-Lord,Time Travel,14,CHRONO CAKES,Variable ,3
Naboo,Gungan ,BOATING,25,Swamp Gumbo,mild,2
qo'noS,Klingon,bat'leth training,31,Gagh,Harsh ,1
QO'NOS,Klingon,Bat'leth Training ,31,Gagh ,Harsh,1
Coruscant ,Human ,POLITICS,101,Nerf Steak ,Urban,4
coruscant,human,Politics ,104,NERF STEAK,urban,5
NAboo,Gungan,Boating,25,Swamp Gumbo ,Mild,3
ASGARD,Asgardian ,Feasting,10,golden boar roast,cool majestic,2
coruscant,HUMAN,POLITICS,102,Nerf Steak ,URBAN,5
ego,Celestial,MEDITATION,1,COSMIC FRUIT,Variable ,1
AsgArd,Asgardian ,Feasting ,10,Golden Boar Roast ,Cool Majestic,1
QO'NOS,Klingon,Bat'leth-Training,33,GAGH,HARSH,1
ego,Celestial,Meditation,0,Cosmic Fruit ,VARIABLE,0
tATOOINE,Human,pod racing,11,roasted bantha,arid,3
tATOOINE,Human ,Pod Racing,11,roasted bantha,Arid,3
vulcan,vulcan,Logic Debates ,40,plomeek soup,HOT DRY,0
Pandora,NA’VI,tree climbing,16,GLOWFRUIT SALAD,humid,2
Hoth,human,Ice Sculpting,7,frozen stew,FROZEN,3
rOMULUS,romulan,Espionage,45,Ale Soup ,Temperate ,5
gallifrey,Time Lord ,Time Travel ,13,CHRONO CAKES,variable,2
Tatooine ,Human ,Pod Racing,12,roasted bantha,arid,3
Qo'noS,KLINGON,bat'leth training,31,Gagh,harsh,1
ego,CELESTIAL,MEDITATION,1,Cosmic Fruit ,variable,1
aSGARD,ASGARDIAN,Feasting ,8,Golden Boar Roast ,COOL MAJESTIC,2
vulcan,Vulcan,Logic-Debates,41,PLOMEEK SOUP,hot dry,0
hoth,HUMAN,Ice Sculpting ,8,Frozen Stew ,Frozen,3
Romulus,Romulan,Espionage,43,Ale Soup ,temperate,5
QO'NOS,KLINGON,Bat'leth Training ,31,Gagh ,HARSH,1
asgard,Asgardian ,Feasting,9,golden boar roast,Cool Majestic,2
GAllifrey,Time Lord,TIME TRAVEL,14,CHRONO CAKES,Variable,2
Xandar,Xandarian,Star-Racing,39,Nova Noodles ,Tropical,2
naboo,GUNGAN,BOATING,25,Swamp Gumbo ,MILD,3
TAtooine,Human ,pod racing,14,Roasted Bantha ,Arid,3
VULCAN,Vulcan ,Logic-Debates,39,Plomeek Soup ,HOT DRY,0
Xandar,xandarian,Star Racing ,37,Nova Noodles,Tropical,2
Krypton,Kryptonian,Flying,28,sunfruit stew,CRYSTAL TEMPERATE,2
coruscant,HUMAN,Politics ,102,NERF STEAK,urban,5
GALLIFREY,Time-Lord,Time Travel,12,chrono cakes,VARIABLE,2
Asgard,Asgardian,Feasting,8,Golden Boar Roast,COOL MAJESTIC,2
Hoth,HUMAN,ice sculpting,7,FROZEN STEW,Frozen ,4
NAboo,Gungan,Boating,24,Swamp Gumbo,Mild ,3
ROMULUS,Romulan,Espionage ,46,Ale Soup ,temperate,6
Qo'noS ,Klingon ,bat'leth training,31,GAGH,Harsh,1
NABOO,GUNGAN,BOATING,24,SWAMP GUMBO,MILD,2
MAndAlore,Mandalorian,Armor Crafting,22,SPICY RATION STEW,semi-arid,1
Hoth ,Human,Ice Sculpting ,8,Frozen Stew ,Frozen,4
ego,Celestial,Meditation,1,cosmic fruit,Variable ,1
Hoth,Human,ICE SCULPTING,10,FROZEN STEW,FROZEN,3
cORUSCANT,Human ,POLITICS,103,Nerf Steak,Urban,4
cORUSCANT,Human,POLITICS,104,NERF STEAK,Urban ,4
pandora,Na’vi,TREE CLIMBING,18,Glowfruit Salad,humid,2
XAndAr,XANDARIAN,STAR RACING,38,NOVA NOODLES,Tropical,2
XAndAr,Xandarian ,star racing,37,nova noodles,Tropical,3
qo'noS,Klingon ,bat'leth training,31,Gagh,Harsh ,2
asgard,ASGARDIAN,Feasting,11,GOLDEN BOAR ROAST,cool majestic,2
Krypton,KRYPTONIAN,FLYING,28,Sunfruit Stew,Crystal Temperate ,2
Coruscant,Human,POLITICS,103,nerf steak,Urban,5
MANDALORE,Mandalorian,ARMOR CRAFTING,22,SPICY RATION STEW,Semi-Arid,2
ego,Celestial,meditation,1,cosmic fruit,Variable ,1
qo'noS,KLINGON,Bat'leth Training,31,Gagh,Harsh ,1
asgard,asgardian,feasting,11,Golden Boar Roast ,cool majestic,1
ROMULUS,ROMULAN,ESPIONAGE,43,Ale Soup ,Temperate ,6
rOMULUS,Romulan,Espionage,44,Ale Soup ,TEMPERATE,6
naboo,GUNGAN,Boating ,24,Swamp Gumbo ,Mild ,3
gALLIFREY,Time Lord,Time Travel ,12,Chrono Cakes ,Variable,2
Romulus ,Romulan ,Espionage,46,ALE SOUP,Temperate ,5
Earth ,Human,Gaming,50,pizza,TEMPERATE,2
earth,Human,gaming,50,Pizza,Temperate,2
Ego,Celestial,meditation,1,cosmic fruit,variable,0
PANDORA,Na’vi ,Tree Climbing ,18,GLOWFRUIT SALAD,Humid ,2
Xandar,XANDARIAN,star racing,39,nova noodles,TROPICAL,2
Pandora ,NA’VI,Tree-Climbing,16,glowfruit salad,HUMID,2
kRYPTON,Kryptonian,Flying,30,sunfruit stew,CRYSTAL TEMPERATE,3
cORUSCANT,Human,Politics,102,Nerf Steak ,Urban ,5
qO'NOs,KLINGON,BAT'LETH TRAINING,33,GAGH,harsh,1
asgard,asgardian,feasting,9,GOLDEN BOAR ROAST,cool majestic,2
PANDORA,na’vi,Tree-Climbing,18,Glowfruit Salad,Humid,2
MANDALORE,Mandalorian ,ARMOR CRAFTING,22,SPICY RATION STEW,SEMI-ARID,2
cORUSCANT,human,POLITICS,101,NERF STEAK,Urban,4
Hoth,Human,ICE SCULPTING,7,FROZEN STEW,FROZEN,3
Earth ,human,Gaming,50,PIZZA,temperate,1
Asgard ,Asgardian ,feasting,9,golden boar roast,Cool Majestic,2
VulcAn,Vulcan ,LOGIC DEBATES,39,Plomeek Soup,Hot Dry,0
CoruscAnt,human,POLITICS,101,nerf steak,urban,4
naboo,GUNGAN,boating,26,SWAMP GUMBO,mild,3
KRYPTON,Kryptonian,Flying,27,Sunfruit Stew,crystal temperate,3
Pandora,NA’VI,Tree Climbing,17,glowfruit salad,humid,3
tATOOINE,human,Pod-Racing,11,roasted bantha,arid,4
Coruscant,Human,Politics ,103,Nerf Steak,URBAN,4
qo'noS,Klingon,bat'leth training,31,Gagh ,HARSH,1
XANDAR,Xandarian ,Star Racing,37,Nova Noodles ,Tropical ,2
HOTH,HUMAN,Ice Sculpting ,8,frozen stew,frozen,4
mandalore,Mandalorian,ARMOR CRAFTING,22,spicy ration stew,Semi-Arid,1
vulcan,Vulcan,Logic Debates ,40,plomeek soup,Hot Dry,1
ROMULUS,romulan,espionage,44,ale soup,Temperate,5
Naboo ,Gungan ,Boating,25,SWAMP GUMBO,mild,3
Asgard,Asgardian,feasting,9,Golden Boar Roast,Cool Majestic ,1
Xandar,Xandarian ,Star Racing,37,NOVA NOODLES,Tropical ,2
xandar,XANDARIAN,Star Racing ,39,NOVA NOODLES,Tropical,3
tatooine,Human,Pod Racing,11,Roasted Bantha ,Arid ,3
Tatooine ,HUMAN,Pod Racing,12,roasted bantha,ARID,3
Romulus ,romulan,Espionage ,45,ALE SOUP,TEMPERATE,5
Gallifrey,TIME LORD,Time-Travel,12,CHRONO CAKES,Variable,3
pANDORA,Na’vi,Tree-Climbing,18,glowfruit salad,HUMID,2
Tatooine ,HUMAN,POD RACING,12,roasted bantha,arid,3
VULCAN,Vulcan,Logic Debates,40,plomeek soup,Hot Dry ,1
VulcAn,vulcan,logic debates,42,PLOMEEK SOUP,HOT DRY,0
XANDAR,Xandarian,Star Racing,37,Nova Noodles ,Tropical,2
XAndAr,xandarian,Star-Racing,38,NOVA NOODLES,Tropical ,2
vULCAN,vulcan,Logic-Debates,40,Plomeek Soup,HOT DRY,1
KRYPTON,KRYPTONIAN,FLYING,28,Sunfruit Stew ,Crystal Temperate ,2
tatooine,Human ,Pod Racing,12,Roasted Bantha,Arid,3
Ego,Celestial,Meditation,1,cosmic fruit,Variable ,1
Asgard,Asgardian ,Feasting,8,Golden Boar Roast ,Cool Majestic ,2
XANDAR,Xandarian,STAR RACING,38,NOVA NOODLES,Tropical ,2
CORUSCANT,Human,Politics,104,Nerf Steak ,URBAN,4
vulcan,VULCAN,Logic Debates,41,plomeek soup,Hot Dry ,0
qO'NOs,KLINGON,Bat'leth Training ,31,Gagh,harsh,1
Naboo ,gungan,BOATING,24,SWAMP GUMBO,Mild ,2
QO'NOS,Klingon,Bat'leth Training,31,Gagh,HARSH,2
QO'NOS,klingon,bat'leth training,32,Gagh,Harsh,1
mANDALORE,Mandalorian,Armor Crafting,24,SPICY RATION STEW,Semi-Arid ,2
PANDORA,na’vi,Tree-Climbing,16,Glowfruit Salad,Humid ,2
Coruscant ,Human,Politics ,101,Nerf Steak ,Urban,4
asgard,Asgardian,Feasting,9,GOLDEN BOAR ROAST,COOL MAJESTIC,2
xandar,Xandarian,star racing,37,Nova Noodles,Tropical ,3
gallifrey,TIME LORD,TIME TRAVEL,13,Chrono Cakes,Variable,2
VULCAN,VULCAN,Logic-Debates,40,Plomeek Soup,HOT DRY,1
Ego,celestial,Meditation,1,Cosmic Fruit,Variable,1
xandar,Xandarian,star racing,36,Nova Noodles,tropical,2
Hoth,human,ICE SCULPTING,9,Frozen Stew,frozen,3
rOMULUS,Romulan ,ESPIONAGE,44,Ale Soup ,Temperate,6
kRYPTON,KRYPTONIAN,flying,27,Sunfruit Stew,crystal temperate,2
earth,human,gaming,50,PIZZA,Temperate,1
AsgArd,Asgardian,FEASTING,10,GOLDEN BOAR ROAST,cool majestic,1
Gallifrey ,Time Lord ,TIME TRAVEL,14,chrono cakes,Variable ,3
mANDALORE,Mandalorian,Armor Crafting,22,spicy ration stew,Semi-Arid,1
ROMULUS,Romulan,Espionage,45,Ale Soup ,Temperate,5
gallifrey,time lord,Time-Travel,13,Chrono Cakes,VARIABLE,3
PAndorA,Na’vi,Tree-Climbing,17,glowfruit salad,humid,3
Asgard ,Asgardian ,Feasting ,9,golden boar roast,Cool Majestic,1
eGO,celestial,Meditation,1,Cosmic Fruit,VARIABLE,0
GAllifrey,Time Lord ,Time-Travel,15,Chrono Cakes,Variable ,3
hOTH,Human ,ICE SCULPTING,9,frozen stew,Frozen ,3
Xandar,Xandarian,Star Racing ,37,NOVA NOODLES,TROPICAL,2
VulcAn,Vulcan ,Logic Debates ,40,Plomeek Soup ,hot dry,0
asgard,Asgardian,FEASTING,10,Golden Boar Roast ,Cool Majestic,1
AsgArd,asgardian,Feasting,8,Golden Boar Roast ,cool majestic,1
VulcAn,Vulcan,LOGIC DEBATES,40,Plomeek Soup,Hot Dry ,0
Hoth,Human,ice sculpting,8,frozen stew,frozen,3
Mandalore,mandalorian,ARMOR CRAFTING,24,SPICY RATION STEW,Semi-Arid ,2
XANDAR,xandarian,Star Racing ,38,NOVA NOODLES,tropical,2
qo'nos,KLINGON,BAT'LETH TRAINING,31,Gagh,harsh,2
Krypton ,Kryptonian,Flying ,30,Sunfruit Stew ,CRYSTAL TEMPERATE,3
Hoth ,human,Ice Sculpting,8,frozen stew,frozen,3
Vulcan,Vulcan,logic debates,39,Plomeek Soup ,Hot Dry ,0
mANDALORE,Mandalorian,armor crafting,21,Spicy Ration Stew,Semi-Arid,1
Pandora,Na’vi ,Tree Climbing,16,GLOWFRUIT SALAD,Humid ,2
EArth,Human,GAMING,49,pizza,temperate,2
Krypton,Kryptonian,FLYING,30,SUNFRUIT STEW,crystal temperate,3
naboo,Gungan,Boating ,24,Swamp Gumbo ,Mild ,2
Hoth,human,ICE SCULPTING,10,Frozen Stew ,Frozen ,3
Qo'noS ,Klingon,bat'leth training,31,gagh,Harsh ,1
qo'noS,KLINGON,bat'leth training,33,GAGH,HARSH,1
Gallifrey,Time-Lord,TIME TRAVEL,13,chrono cakes,Variable ,2
Ego,CELESTIAL,Meditation ,1,Cosmic Fruit,Variable,0
eGO,Celestial,Meditation,1,Cosmic Fruit ,Variable ,0
NAboo,Gungan ,boating,24,SWAMP GUMBO,Mild,3
Hoth,Human ,Ice Sculpting,8,Frozen Stew,FROZEN,4
TAtooine,Human,Pod Racing ,13,Roasted Bantha ,arid,3
Krypton ,KRYPTONIAN,Flying,28,SUNFRUIT STEW,Crystal Temperate,3
Tatooine ,Human ,POD RACING,12,Roasted Bantha,arid,3
Qo'noS ,Klingon,BAT'LETH TRAINING,31,gagh,harsh,2
Naboo ,Gungan ,Boating,25,swamp gumbo,Mild ,2
MANDALORE,Mandalorian ,armor crafting,22,Spicy Ration Stew ,Semi-Arid ,1
mANDALORE,Mandalorian,ARMOR CRAFTING,21,spicy ration stew,semi-arid,1
naboo,Gungan ,Boating ,24,Swamp Gumbo,Mild ,2
qo'noS,Klingon ,Bat'leth Training,31,gagh,Harsh ,1
eGO,Celestial ,Meditation,1,Cosmic Fruit ,Variable,1
coruscant,Human ,Politics,104,Nerf Steak,URBAN,4
Qo'noS ,klingon,Bat'leth-Training,30,Gagh ,harsh,1
TATOOINE,Human,Pod-Racing,11,roasted bantha,arid,3
Earth ,Human,Gaming,50,pizza,Temperate ,1
vulcan,vulcan,LOGIC DEBATES,39,PLOMEEK SOUP,Hot Dry ,1
pandora,Na’vi,TREE CLIMBING,16,GLOWFRUIT SALAD,Humid ,3
Vulcan ,vulcan,LOGIC DEBATES,40,plomeek soup,Hot Dry ,0
hOTH,HUMAN,Ice Sculpting,8,Frozen Stew ,frozen,3
coruscant,HUMAN,politics,102,Nerf Steak,URBAN,5
gALLIFREY,Time-Lord,TIME TRAVEL,13,Chrono Cakes,Variable,2
krypton,kryptonian,FLYING,28,Sunfruit Stew,Crystal Temperate ,3
NABOO,Gungan ,boating,25,Swamp Gumbo ,Mild ,2
Ego ,Celestial,Meditation,2,cosmic fruit,variable,0
mandalore,Mandalorian,ARMOR CRAFTING,22,SPICY RATION STEW,SEMI-ARID,1
Xandar ,xandarian,Star Racing,36,Nova Noodles ,TROPICAL,3
Hoth,Human ,Ice Sculpting ,8,FROZEN STEW,FROZEN,4
mandalore,MANDALORIAN,Armor Crafting,22,SPICY RATION STEW,Semi-Arid ,1
xANDAR,Xandarian,Star-Racing,37,nova noodles,tropical,2
CoruscAnt,HUMAN,POLITICS,102,Nerf Steak,URBAN,4
Tatooine ,Human,Pod-Racing,14,ROASTED BANTHA,Arid,3
MAndAlore,Mandalorian,Armor-Crafting,22,SPICY RATION STEW,Semi-Arid,1
XAndAr,Xandarian,Star Racing ,37,Nova Noodles,tropical,3
Qo'noS,Klingon ,BAT'LETH TRAINING,31,gagh,Harsh ,1
pandora,na’vi,Tree Climbing,15,Glowfruit Salad,Humid,2
naboo,GUNGAN,Boating,23,Swamp Gumbo ,mild,2
Romulus,romulan,ESPIONAGE,46,ALE SOUP,Temperate,5
kRYPTON,Kryptonian,flying,28,Sunfruit Stew,Crystal Temperate ,3
Romulus,romulan,Espionage,44,Ale Soup ,temperate,5
Gallifrey,time lord,time travel,15,Chrono Cakes,VARIABLE,2
romulus,ROMULAN,Espionage,43,Ale Soup ,Temperate ,5
mANDALORE,Mandalorian,Armor-Crafting,22,Spicy Ration Stew ,SEMI-ARID,1
ROMULUS,Romulan ,Espionage,45,ale soup,Temperate ,5
Naboo,Gungan,boating,24,SWAMP GUMBO,Mild,3
Qo'noS,Klingon,BAT'LETH TRAINING,31,Gagh ,Harsh,1
KRYPTON,KRYPTONIAN,flying,28,SUNFRUIT STEW,CRYSTAL TEMPERATE,3
Romulus,ROMULAN,Espionage,44,ALE SOUP,Temperate,5
Pandora,NA’VI,Tree-Climbing,15,GLOWFRUIT SALAD,Humid ,2
ASGARD,Asgardian ,Feasting ,9,Golden Boar Roast,COOL MAJESTIC,1
VulcAn,Vulcan,logic debates,40,Plomeek Soup,hot dry,1
Coruscant,Human,Politics ,102,nerf steak,URBAN,5
xandar,Xandarian,Star-Racing,39,Nova Noodles,TROPICAL,2
MANDALORE,Mandalorian ,armor crafting,21,spicy ration stew,semi-arid,1
Coruscant ,Human ,Politics,102,nerf steak,URBAN,4
Romulus,romulan,ESPIONAGE,46,ALE SOUP,Temperate ,5
tATOOINE,HUMAN,Pod-Racing,12,Roasted Bantha,Arid ,3
Xandar ,Xandarian,STAR RACING,37,nova noodles,Tropical ,2
Pandora,Na’vi ,tree climbing,16,Glowfruit Salad,HUMID,3
qO'NOs,KLINGON,Bat'leth Training ,31,GAGH,Harsh ,1
ego,Celestial,meditation,1,Cosmic Fruit ,Variable ,0
XAndAr,Xandarian,Star Racing ,37,NOVA NOODLES,TROPICAL,3
Earth ,Human,GAMING,52,pizza,temperate,1
VulcAn,Vulcan ,logic debates,40,Plomeek Soup ,hot dry,0
Gallifrey ,Time-Lord,Time Travel ,13,CHRONO CAKES,VARIABLE,3
Romulus ,Romulan,espionage,43,ALE SOUP,TEMPERATE,5
naboo,Gungan ,Boating,24,Swamp Gumbo,Mild ,2
CORUSCANT,HUMAN,politics,103,Nerf Steak,URBAN,4
TATOOINE,Human,Pod Racing ,12,Roasted Bantha,arid,3
ROMULUS,Romulan,Espionage ,43,ALE SOUP,Temperate ,5
cORUSCANT,Human,Politics,102,Nerf Steak,Urban,4
Hoth ,Human ,Ice Sculpting ,9,Frozen Stew ,Frozen,3
Naboo ,gungan,BOATING,25,Swamp Gumbo ,Mild ,2
Krypton ,KRYPTONIAN,Flying ,28,Sunfruit Stew ,crystal temperate,2
Vulcan,vulcan,LOGIC DEBATES,39,PLOMEEK SOUP,hot dry,0
Gallifrey,TIME LORD,time travel,13,Chrono Cakes ,variable,2
coruscant,Human,POLITICS,104,nerf steak,URBAN,5
gallifrey,time lord,time travel,13,Chrono Cakes ,Variable ,2
tatooine,HUMAN,POD RACING,14,Roasted Bantha,arid,3
romulus,Romulan,espionage,43,ale soup,Temperate,5
xANDAR,xandarian,STAR RACING,36,Nova Noodles,Tropical,2
Qo'noS ,klingon,Bat'leth Training ,31,Gagh ,harsh,1
xANDAR,xandarian,Star-Racing,37,nova noodles,tropical,2
XAndAr,Xandarian ,Star Racing ,39,nova noodles,TROPICAL,2
Krypton,Kryptonian,Flying,27,sunfruit stew,CRYSTAL TEMPERATE,2
Earth,human,GAMING,52,PIZZA,Temperate ,1
EGO,CELESTIAL,meditation,1,COSMIC FRUIT,variable,0
mandalore,MANDALORIAN,ARMOR CRAFTING,22,SPICY RATION STEW,Semi-Arid ,1
romulus,romulan,espionage,46,ale soup,TEMPERATE,5
ASGARD,asgardian,FEASTING,10,golden boar roast,Cool Majestic ,2
Mandalore,Mandalorian,armor crafting,22,spicy ration stew,Semi-Arid,1
asgard,Asgardian,FEASTING,11,GOLDEN BOAR ROAST,COOL MAJESTIC,1
nABOO,Gungan,Boating,25,SWAMP GUMBO,mild,2
Tatooine ,Human,pod racing,12,Roasted Bantha,arid,3
xANDAR,XANDARIAN,STAR RACING,37,NOVA NOODLES,TROPICAL,2
naboo,Gungan,BOATING,24,swamp gumbo,Mild,2
ego,Celestial,Meditation,0,COSMIC FRUIT,Variable,0
HOTH,Human,ICE SCULPTING,8,Frozen Stew ,FROZEN,4
gallifrey,TIME LORD,Time Travel,13,Chrono Cakes,VARIABLE,3
nABOO,gungan,BOATING,25,swamp gumbo,Mild,2
pandora,na’vi,Tree Climbing,18,Glowfruit Salad,Humid ,2
EArth,HUMAN,gaming,50,Pizza ,temperate,2
mANDALORE,Mandalorian,Armor Crafting,24,SPICY RATION STEW,Semi-Arid ,2
Romulus ,Romulan ,ESPIONAGE,43,Ale Soup,TEMPERATE,5
gALLIFREY,TIME LORD,Time Travel ,12,Chrono Cakes,variable,2
vulcan,VULCAN,Logic-Debates,39,plomeek soup,hot dry,0
CoruscAnt,HUMAN,politics,102,nerf steak,Urban ,5
Naboo ,gungan,boating,26,SWAMP GUMBO,MILD,2
AsgArd,ASGARDIAN,FEASTING,11,GOLDEN BOAR ROAST,Cool Majestic,1
eGO,CELESTIAL,MEDITATION,1,COSMIC FRUIT,VARIABLE,0
Romulus,romulan,Espionage,46,ale soup,temperate,6
Tatooine ,Human,Pod Racing,12,ROASTED BANTHA,Arid ,3
HOTH,human,Ice Sculpting ,8,frozen stew,Frozen ,3
ASGARD,Asgardian,feasting,9,Golden Boar Roast ,COOL MAJESTIC,1
Gallifrey,Time Lord ,Time-Travel,13,CHRONO CAKES,Variable,2
Asgard ,Asgardian,feasting,8,Golden Boar Roast ,COOL MAJESTIC,2
NAboo,Gungan,Boating,26,SWAMP GUMBO,Mild ,3
Tatooine,Human,Pod Racing ,13,roasted bantha,arid,3
tatooine,human,Pod-Racing,12,roasted bantha,ARID,3
nABOO,GUNGAN,Boating ,24,swamp gumbo,MILD,2
TAtooine,Human,POD RACING,14,Roasted Bantha ,arid,3
mANDALORE,Mandalorian ,armor crafting,21,Spicy Ration Stew,SEMI-ARID,1
vulcan,Vulcan ,Logic Debates ,41,plomeek soup,HOT DRY,0
Gallifrey ,time lord,time travel,12,chrono cakes,variable,2
kRYPTON,Kryptonian ,Flying,28,SUNFRUIT STEW,CRYSTAL TEMPERATE,2
Ego,Celestial ,MEDITATION,2,Cosmic Fruit ,Variable ,0
aSGARD,Asgardian ,Feasting,9,golden boar roast,Cool Majestic,2
NABOO,Gungan ,boating,24,Swamp Gumbo ,Mild,3
Vulcan,Vulcan,Logic Debates ,39,plomeek soup,hot dry,0
Mandalore,mandalorian,Armor-Crafting,22,spicy ration stew,semi-arid,2
tATOOINE,human,Pod Racing,14,Roasted Bantha,ARID,4
Asgard,Asgardian,Feasting,8,Golden Boar Roast,COOL MAJESTIC,1
VulcAn,vulcan,LOGIC DEBATES,42,Plomeek Soup,Hot Dry ,0
Qo'noS,KLINGON,BAT'LETH TRAINING,30,Gagh ,Harsh ,1
ASGARD,ASGARDIAN,Feasting,9,Golden Boar Roast ,Cool Majestic ,2
hOTH,human,Ice-Sculpting,10,Frozen Stew ,Frozen,4
EArth,HUMAN,Gaming,51,PIZZA,temperate,1
EArth,Human ,gaming,52,pizza,Temperate ,1
TATOOINE,Human,Pod Racing,12,roasted bantha,Arid,3
Tatooine ,human,pod racing,11,Roasted Bantha ,Arid ,4
coruscant,Human,POLITICS,104,Nerf Steak,URBAN,5
HOTH,human,ice sculpting,8,frozen stew,Frozen ,3
Coruscant,Human,politics,101,NERF STEAK,URBAN,4
Ego,Celestial,MEDITATION,1,cosmic fruit,VARIABLE,0
ROMULUS,romulan,Espionage,44,ale soup,Temperate ,6
vulcan,Vulcan ,Logic Debates,42,Plomeek Soup,Hot Dry,0
tatooine,Human,Pod Racing,14,ROASTED BANTHA,arid,3
NAboo,Gungan,boating,24,Swamp Gumbo,Mild,2
coruscant,Human,Politics,102,nerf steak,URBAN,4
eARTH,Human ,Gaming,51,pizza,temperate,1
TAtooine,HUMAN,Pod Racing,12,Roasted Bantha,Arid ,3
Krypton ,KRYPTONIAN,Flying,28,sunfruit stew,Crystal Temperate,2
TAtooine,Human,pod racing,12,Roasted Bantha ,Arid ,4
TATOOINE,human,Pod Racing,14,ROASTED BANTHA,Arid,4
VulcAn,vulcan,Logic Debates ,40,PLOMEEK SOUP,HOT DRY,0
TATOOINE,Human,Pod Racing,12,Roasted Bantha ,Arid,4
ego,Celestial,Meditation ,1,COSMIC FRUIT,Variable ,0
qo'noS,Klingon,bat'leth training,33,Gagh ,harsh,2
TATOOINE,Human ,Pod Racing,12,ROASTED BANTHA,arid,3
Tatooine ,human,Pod-Racing,13,Roasted Bantha ,arid,4
eGO,Celestial ,Meditation ,2,COSMIC FRUIT,VARIABLE,0
naboo,Gungan,boating,24,SWAMP GUMBO,Mild ,2
earth,Human,GAMING,51,Pizza,TEMPERATE,2
Asgard,ASGARDIAN,FEASTING,10,GOLDEN BOAR ROAST,cool majestic,1
hoth,Human,ice sculpting,8,Frozen Stew,Frozen,3
Xandar ,Xandarian,star racing,37,Nova Noodles ,Tropical,2
XAndAr,Xandarian,Star Racing,37,NOVA NOODLES,Tropical ,2
Krypton,kryptonian,Flying,28,SUNFRUIT STEW,crystal temperate,2
VULCAN,Vulcan,logic debates,42,PLOMEEK SOUP,Hot Dry ,0
romulus,ROMULAN,Espionage,46,ale soup,temperate,5
cORUSCANT,HUMAN,Politics ,104,nerf steak,Urban ,4
MAndAlore,mandalorian,Armor-Crafting,21,SPICY RATION STEW,Semi-Arid ,1
Naboo ,gungan,Boating,26,Swamp Gumbo ,mild,3
TAtooine,Human,Pod Racing,12,Roasted Bantha ,arid,3
krypton,kryptonian,Flying ,27,sunfruit stew,CRYSTAL TEMPERATE,2
ego,Celestial ,Meditation,1,cosmic fruit,variable,0
xANDAR,Xandarian,Star Racing,38,Nova Noodles ,TROPICAL,2
Naboo,Gungan,boating,26,SWAMP GUMBO,MILD,3
earth,Human ,Gaming,50,PIZZA,temperate,1
CORUSCANT,Human,POLITICS,102,Nerf Steak,Urban,4
xandar,Xandarian ,star racing,39,nova noodles,Tropical,3
qo'nos,Klingon,bat'leth training,32,Gagh,Harsh ,1
nABOO,Gungan,Boating,24,swamp gumbo,Mild,2
Gallifrey,TIME LORD,Time Travel ,12,Chrono Cakes,VARIABLE,2
TATOOINE,Human ,Pod-Racing,12,roasted bantha,ARID,3
gallifrey,time lord,Time Travel ,13,CHRONO CAKES,Variable ,2
rOMULUS,Romulan,Espionage,46,Ale Soup,temperate,6
CoruscAnt,Human ,Politics,102,Nerf Steak,URBAN,4
Earth ,Human,GAMING,50,pizza,temperate,1
qO'NOs,Klingon,bat'leth training,31,gagh,Harsh,1
qo'nos,KLINGON,BAT'LETH TRAINING,32,Gagh,Harsh ,1
Naboo,GUNGAN,Boating,26,swamp gumbo,mild,2
Mandalore,mandalorian,ARMOR CRAFTING,24,spicy ration stew,SEMI-ARID,1
Vulcan ,Vulcan,Logic Debates ,40,PLOMEEK SOUP,Hot Dry,0
MAndAlore,mandalorian,Armor Crafting ,22,SPICY RATION STEW,Semi-Arid,2
hoth,Human ,ICE SCULPTING,10,Frozen Stew,Frozen,3
eGO,Celestial,Meditation,3,Cosmic Fruit,variable,1
ASGARD,Asgardian,FEASTING,8,Golden Boar Roast,cool majestic,1
PAndorA,na’vi,tree climbing,17,Glowfruit Salad,Humid,3
Krypton,Kryptonian,Flying,28,SUNFRUIT STEW,crystal temperate,3
vulcan,Vulcan,Logic Debates ,40,Plomeek Soup ,hot dry,0
krypton,kryptonian,flying,29,Sunfruit Stew,CRYSTAL TEMPERATE,2
MANDALORE,Mandalorian,armor crafting,22,SPICY RATION STEW,SEMI-ARID,1
Pandora,NA’VI,Tree-Climbing,15,GLOWFRUIT SALAD,Humid ,2
VULCAN,VULCAN,Logic Debates ,40,PLOMEEK SOUP,hot dry,0
vulcan,vulcan,Logic-Debates,40,PLOMEEK SOUP,Hot Dry ,0
xANDAR,XANDARIAN,Star Racing ,38,nova noodles,tropical,2
pandora,Na’vi,Tree Climbing ,16,Glowfruit Salad,HUMID,3
VulcAn,vulcan,LOGIC DEBATES,39,Plomeek Soup ,Hot Dry ,0
Gallifrey ,TIME LORD,TIME TRAVEL,13,Chrono Cakes,VARIABLE,3
ROMULUS,Romulan ,Espionage,43,Ale Soup,Temperate ,6
Naboo,GUNGAN,Boating,25,swamp gumbo,mild,3
vulcan,VULCAN,Logic Debates,42,plomeek soup,hot dry,1
vULCAN,Vulcan ,Logic-Debates,42,plomeek soup,hot dry,0
TAtooine,Human,Pod-Racing,12,ROASTED BANTHA,Arid,3
earth,human,gaming,52,pizza,TEMPERATE,1
ROMULUS,Romulan,ESPIONAGE,44,ALE SOUP,Temperate ,6
pANDORA,Na’vi,Tree Climbing ,18,Glowfruit Salad,humid,3
Asgard ,Asgardian,Feasting,9,Golden Boar Roast,Cool Majestic,1
krypton,Kryptonian ,Flying ,27,SUNFRUIT STEW,crystal temperate,3
mANDALORE,Mandalorian,ARMOR CRAFTING,22,Spicy Ration Stew,SEMI-ARID,1
Krypton ,Kryptonian ,Flying,29,SUNFRUIT STEW,crystal temperate,2
pandora,NA’VI,Tree-Climbing,15,GLOWFRUIT SALAD,humid,2
Krypton ,Kryptonian ,FLYING,28,Sunfruit Stew ,Crystal Temperate,3
earth,Human,GAMING,50,Pizza,Temperate,1
HOTH,Human ,Ice-Sculpting,9,FROZEN STEW,FROZEN,4
coruscant,HUMAN,Politics ,103,Nerf Steak,Urban,5
gallifrey,TIME LORD,TIME TRAVEL,14,chrono cakes,Variable,3
kRYPTON,kryptonian,FLYING,29,Sunfruit Stew,crystal temperate,2
Asgard ,Asgardian,Feasting ,9,Golden Boar Roast,cool majestic,1
eGO,Celestial ,MEDITATION,3,Cosmic Fruit ,variable,1
Hoth,HUMAN,ICE SCULPTING,9,FROZEN STEW,FROZEN,4
PANDORA,NA’VI,tree climbing,17,GLOWFRUIT SALAD,humid,2
earth,Human,GAMING,49,Pizza,Temperate,1
Vulcan ,Vulcan,Logic-Debates,42,PLOMEEK SOUP,HOT DRY,0
qO'NOs,Klingon ,bat'leth training,33,Gagh ,harsh,1
Tatooine ,Human,pod racing,14,Roasted Bantha ,Arid,3
Ego ,Celestial,MEDITATION,0,COSMIC FRUIT,Variable ,0
mANDALORE,Mandalorian,Armor Crafting,22,SPICY RATION STEW,semi-arid,2
eARTH,human,gaming,50,PIZZA,temperate,2
XAndAr,Xandarian,Star-Racing,39,nova noodles,TROPICAL,2
pandora,na’vi,Tree-Climbing,15,glowfruit salad,Humid,2
HOTH,HUMAN,Ice Sculpting,7,Frozen Stew ,Frozen,4
Ego,Celestial,Meditation,3,cosmic fruit,variable,0
Qo'noS,Klingon,BAT'LETH TRAINING,30,Gagh ,HARSH,1
EArth,HUMAN,gaming,51,pizza,TEMPERATE,1
qo'nos,Klingon ,Bat'leth Training,31,gagh,HARSH,2
EArth,HUMAN,Gaming,50,Pizza ,Temperate ,1
eGO,Celestial ,Meditation,2,COSMIC FRUIT,variable,0
naboo,Gungan ,boating,25,Swamp Gumbo ,Mild ,2
Gallifrey ,Time Lord,Time-Travel,12,Chrono Cakes ,Variable,2
vulcan,vulcan,LOGIC DEBATES,42,Plomeek Soup ,HOT DRY,0
qO'NOs,KLINGON,Bat'leth Training ,32,Gagh ,harsh,1
XAndAr,Xandarian,star racing,37,nova noodles,TROPICAL,2
gallifrey,time lord,Time Travel,15,chrono cakes,Variable,2
tatooine,human,Pod Racing ,13,ROASTED BANTHA,Arid ,3
TAtooine,human,pod racing,13,ROASTED BANTHA,Arid,3
hOTH,Human ,Ice-Sculpting,10,frozen stew,frozen,3
Romulus,Romulan,ESPIONAGE,44,ale soup,temperate,5
Asgard,Asgardian,Feasting ,9,golden boar roast,Cool Majestic,2
gallifrey,Time-Lord,Time Travel,14,chrono cakes,Variable,2
Hoth,human,ICE SCULPTING,9,frozen stew,Frozen,3
VULCAN,vulcan,Logic Debates ,39,plomeek soup,hot dry,0
Coruscant ,HUMAN,Politics,102,Nerf Steak ,Urban ,5
romulus,ROMULAN,Espionage,43,ale soup,TEMPERATE,5
Xandar ,Xandarian,Star Racing,39,Nova Noodles ,TROPICAL,2
EGO,Celestial,Meditation,1,Cosmic Fruit,Variable ,0
vulcan,vulcan,Logic Debates,39,plomeek soup,Hot Dry ,0
xANDAR,xandarian,STAR RACING,37,Nova Noodles ,TROPICAL,3
Krypton,kryptonian,Flying,28,Sunfruit Stew,crystal temperate,2
MANDALORE,Mandalorian ,Armor Crafting,24,SPICY RATION STEW,Semi-Arid ,1
Ego,Celestial ,Meditation ,1,Cosmic Fruit,Variable,0
naboo,gungan,Boating,25,Swamp Gumbo,mild,2
Romulus ,ROMULAN,Espionage ,44,ALE SOUP,Temperate,5
Mandalore,mandalorian,Armor Crafting,24,spicy ration stew,SEMI-ARID,1
Tatooine,Human,Pod Racing,12,Roasted Bantha ,ARID,3
Ego,Celestial,Meditation ,0,Cosmic Fruit,Variable,0
mandalore,Mandalorian ,Armor Crafting ,21,Spicy Ration Stew,SEMI-ARID,1
Naboo,GUNGAN,boating,23,Swamp Gumbo ,Mild,2
xandar,xandarian,Star-Racing,36,nova noodles,tropical,3
vulcan,Vulcan,LOGIC DEBATES,41,Plomeek Soup ,HOT DRY,0
tatooine,Human ,POD RACING,13,roasted bantha,Arid,3
tatooine,Human,POD RACING,12,roasted bantha,Arid ,3
NABOO,gungan,boating,23,Swamp Gumbo ,mild,2
GAllifrey,time lord,Time Travel,15,chrono cakes,Variable ,2
EArth,Human,gaming,49,Pizza ,TEMPERATE,2
Gallifrey ,Time Lord,Time Travel,14,chrono cakes,Variable,2
xANDAR,XANDARIAN,Star-Racing,38,Nova Noodles ,TROPICAL,3
Earth ,Human ,Gaming,49,Pizza,TEMPERATE,2
naboo,gungan,boating,24,Swamp Gumbo ,Mild ,2
hoth,Human,ice sculpting,10,FROZEN STEW,Frozen,4
KRYPTON,KRYPTONIAN,Flying ,28,Sunfruit Stew,CRYSTAL TEMPERATE,2
Xandar ,XANDARIAN,star racing,37,nova noodles,tropical,2
Qo'noS ,Klingon,Bat'leth-Training,30,Gagh,Harsh,1
coruscant,Human ,Politics,102,Nerf Steak ,Urban,4
qo'nos,KLINGON,Bat'leth Training ,32,Gagh,Harsh,1
krypton,KRYPTONIAN,Flying,27,Sunfruit Stew ,crystal temperate,2
coruscant,Human ,POLITICS,102,Nerf Steak ,Urban ,5
naboo,Gungan,BOATING,23,SWAMP GUMBO,Mild,2
coruscant,Human,POLITICS,103,Nerf Steak,urban,5
XAndAr,XANDARIAN,star racing,39,nova noodles,Tropical ,2
Naboo,gungan,Boating ,24,Swamp Gumbo,mild,2
Asgard ,asgardian,Feasting,11,GOLDEN BOAR ROAST,COOL MAJESTIC,1
Coruscant ,human,politics,102,nerf steak,URBAN,4
VulcAn,vulcan,LOGIC DEBATES,42,Plomeek Soup ,Hot Dry ,1
TAtooine,HUMAN,pod racing,12,roasted bantha,Arid,4
krypton,kryptonian,FLYING,30,Sunfruit Stew,Crystal Temperate ,3
Hoth,Human,Ice Sculpting ,8,frozen stew,Frozen,4
qo'nos,klingon,bat'leth training,30,Gagh ,Harsh ,1
qO'NOs,Klingon,BAT'LETH TRAINING,31,gagh,Harsh ,1
hOTH,HUMAN,Ice Sculpting,9,Frozen Stew ,Frozen,4
Vulcan ,vulcan,logic debates,40,plomeek soup,Hot Dry ,0
CoruscAnt,Human ,POLITICS,102,nerf steak,URBAN,4
Mandalore,MANDALORIAN,Armor-Crafting,23,spicy ration stew,Semi-Arid ,1
coruscant,HUMAN,Politics,102,Nerf Steak,Urban ,4
xandar,Xandarian,Star-Racing,39,nova noodles,Tropical,3
Vulcan ,VULCAN,Logic Debates,40,Plomeek Soup ,Hot Dry ,0
qo'noS,Klingon ,Bat'leth-Training,31,Gagh,Harsh,2
Naboo,Gungan,Boating,25,swamp gumbo,Mild,2
pANDORA,NA’VI,Tree Climbing ,16,GLOWFRUIT SALAD,HUMID,2
rOMULUS,Romulan ,Espionage,43,Ale Soup,Temperate,5
hoth,Human,Ice-Sculpting,10,FROZEN STEW,frozen,3
ego,Celestial ,meditation,2,COSMIC FRUIT,Variable ,0
QO'NOS,Klingon,Bat'leth Training ,31,gagh,HARSH,1
xandar,XANDARIAN,STAR RACING,37,Nova Noodles ,TROPICAL,3
CORUSCANT,Human,POLITICS,101,NERF STEAK,urban,4
AsgArd,ASGARDIAN,Feasting ,11,Golden Boar Roast ,COOL MAJESTIC,1
GAllifrey,Time-Lord,Time Travel,15,CHRONO CAKES,variable,2
xandar,Xandarian,star racing,37,nova noodles,tropical,3
hoth,HUMAN,Ice Sculpting ,8,FROZEN STEW,Frozen ,3
rOMULUS,Romulan,Espionage,44,Ale Soup ,TEMPERATE,6
NAboo,Gungan,Boating,24,Swamp Gumbo,Mild,3
tATOOINE,Human,Pod Racing ,12,ROASTED BANTHA,arid,3
Xandar,xandarian,STAR RACING,36,nova noodles,tropical,2
xandar,Xandarian,Star Racing,38,Nova Noodles ,TROPICAL,3
Romulus,Romulan,Espionage ,45,ale soup,TEMPERATE,5
naboo,GUNGAN,Boating,24,SWAMP GUMBO,mild,2
asgard,ASGARDIAN,Feasting ,11,Golden Boar Roast ,Cool Majestic ,2
coruscant,human,Politics ,102,NERF STEAK,URBAN,5
VulcAn,vulcan,Logic-Debates,42,Plomeek Soup,Hot Dry,0
qo'noS,Klingon,Bat'leth Training,31,Gagh,Harsh,1
mandalore,mandalorian,Armor-Crafting,21,spicy ration stew,Semi-Arid ,1
hoth,Human,ICE SCULPTING,9,frozen stew,Frozen ,3
qo'nos,klingon,bat'leth training,31,GAGH,HARSH,2
EArth,Human ,Gaming ,52,PIZZA,temperate,2
Asgard ,asgardian,Feasting,9,Golden Boar Roast,cool majestic,1
Romulus,romulan,Espionage ,44,ale soup,TEMPERATE,6
ego,celestial,meditation,1,Cosmic Fruit ,VARIABLE,0
pANDORA,NA’VI,Tree-Climbing,16,glowfruit salad,humid,2
coruscant,HUMAN,Politics,102,nerf steak,Urban ,5
QO'NOS,Klingon,Bat'leth Training,31,GAGH,Harsh ,2
Coruscant ,Human ,POLITICS,103,nerf steak,Urban ,4
tATOOINE,HUMAN,Pod Racing,11,roasted bantha,Arid ,4
Earth,HUMAN,Gaming ,50,Pizza ,Temperate,2
Vulcan,Vulcan,LOGIC DEBATES,40,Plomeek Soup,Hot Dry ,1
Romulus,Romulan ,Espionage,46,ale soup,TEMPERATE,5
coruscant,Human ,politics,102,Nerf Steak ,URBAN,5
HOTH,human,Ice Sculpting ,10,frozen stew,FROZEN,3
Romulus ,ROMULAN,espionage,46,ALE SOUP,Temperate ,5
asgard,Asgardian,Feasting ,10,Golden Boar Roast,COOL MAJESTIC,1
qo'noS,Klingon ,Bat'leth Training,31,Gagh ,Harsh ,1
eGO,Celestial ,meditation,3,COSMIC FRUIT,VARIABLE,0
PAndorA,Na’vi,TREE CLIMBING,15,Glowfruit Salad,Humid ,2
Romulus,Romulan,Espionage,44,ALE SOUP,TEMPERATE,5
Gallifrey ,Time Lord,Time Travel,12,CHRONO CAKES,VARIABLE,2
MAndAlore,mandalorian,ARMOR CRAFTING,22,Spicy Ration Stew ,SEMI-ARID,1
asgard,Asgardian ,feasting,9,Golden Boar Roast ,Cool Majestic,2
Ego,celestial,MEDITATION,0,Cosmic Fruit ,Variable ,1
NABOO,gungan,boating,24,Swamp Gumbo ,MILD,2
TAtooine,Human ,Pod-Racing,11,Roasted Bantha,arid,4
Gallifrey ,Time-Lord,Time Travel,12,chrono cakes,VARIABLE,3
Xandar,xandarian,Star Racing,37,Nova Noodles ,TROPICAL,2
cORUSCANT,Human,politics,102,Nerf Steak ,urban,4
naboo,Gungan,boating,23,SWAMP GUMBO,mild,2
naboo,gungan,BOATING,24,SWAMP GUMBO,mild,3
Hoth,Human,Ice Sculpting ,7,FROZEN STEW,FROZEN,3
earth,Human ,gaming,50,Pizza,Temperate ,1
ego,Celestial,Meditation ,1,Cosmic Fruit ,VARIABLE,1
GALLIFREY,Time Lord ,TIME TRAVEL,13,chrono cakes,VARIABLE,2
gallifrey,Time-Lord,Time Travel,13,Chrono Cakes ,variable,3
Hoth,Human,ice sculpting,8,frozen stew,Frozen ,4
tatooine,Human,Pod Racing ,11,ROASTED BANTHA,arid,3
gallifrey,Time-Lord,time travel,13,chrono cakes,Variable,2
Mandalore ,mandalorian,Armor Crafting ,22,Spicy Ration Stew,Semi-Arid,1
Coruscant,Human,politics,102,Nerf Steak,Urban ,5
aSGARD,ASGARDIAN,FEASTING,9,Golden Boar Roast,Cool Majestic,1
coruscant,Human ,politics,103,Nerf Steak,URBAN,4
Mandalore,Mandalorian ,armor crafting,22,spicy ration stew,SEMI-ARID,1
HOTH,Human,ice sculpting,9,FROZEN STEW,Frozen ,3
Romulus,Romulan,Espionage,43,ALE SOUP,Temperate,5
VULCAN,vulcan,Logic Debates ,39,plomeek soup,Hot Dry,0
Earth,HUMAN,Gaming,50,Pizza,Temperate,2
Ego,Celestial,Meditation,0,Cosmic Fruit,Variable,1
Ego,Celestial,Meditation,1,COSMIC FRUIT,Variable ,0
CoruscAnt,human,Politics,104,nerf steak,Urban,4
ego,celestial,Meditation,0,COSMIC FRUIT,variable,0
Mandalore,mandalorian,Armor Crafting ,23,Spicy Ration Stew,Semi-Arid,2
rOMULUS,Romulan,ESPIONAGE,44,ale soup,temperate,5
Gallifrey,Time Lord,TIME TRAVEL,13,chrono cakes,variable,2
Coruscant ,Human,Politics,102,Nerf Steak ,urban,4
eARTH,Human,Gaming,51,Pizza,temperate,1
krypton,Kryptonian,flying,27,SUNFRUIT STEW,Crystal Temperate,2
gallifrey,Time Lord,Time-Travel,13,Chrono Cakes,variable,2
Hoth,Human,ICE SCULPTING,9,Frozen Stew,FROZEN,3
vULCAN,Vulcan,logic debates,40,PLOMEEK SOUP,Hot Dry ,0
mANDALORE,Mandalorian,Armor-Crafting,23,Spicy Ration Stew,Semi-Arid ,2
vulcan,Vulcan ,logic debates,40,Plomeek Soup ,hot dry,0
Krypton,kryptonian,Flying ,27,sunfruit stew,Crystal Temperate ,3
GAllifrey,Time Lord,Time Travel,12,Chrono Cakes ,Variable ,2
HOTH,HUMAN,ice sculpting,7,FROZEN STEW,FROZEN,4
cORUSCANT,HUMAN,Politics ,102,NERF STEAK,urban,4
Hoth,HUMAN,ICE SCULPTING,7,Frozen Stew,Frozen ,3
romulus,ROMULAN,Espionage,43,Ale Soup ,temperate,5
rOMULUS,Romulan,Espionage,44,Ale Soup ,Temperate,5
Krypton,Kryptonian ,Flying,28,SUNFRUIT STEW,crystal temperate,2
asgard,Asgardian,Feasting ,9,Golden Boar Roast ,Cool Majestic ,1
Asgard,asgardian,Feasting,8,golden boar roast,cool majestic,2
Hoth,Human,ice sculpting,7,Frozen Stew ,Frozen ,4
PAndorA,Na’vi,Tree Climbing,16,glowfruit salad,HUMID,3
naboo,Gungan ,BOATING,24,swamp gumbo,MILD,3
Mandalore ,mandalorian,Armor-Crafting,24,SPICY RATION STEW,Semi-Arid ,2
vulcan,Vulcan,LOGIC DEBATES,40,PLOMEEK SOUP,Hot Dry,1
Earth ,Human,Gaming,49,Pizza,TEMPERATE,2
PAndorA,Na’vi ,TREE CLIMBING,16,glowfruit salad,Humid ,2
GALLIFREY,time lord,Time-Travel,13,Chrono Cakes,Variable,2
ego,CELESTIAL,meditation,2,COSMIC FRUIT,Variable ,0
Earth,human,gaming,50,pizza,temperate,2
tatooine,Human,Pod-Racing,13,Roasted Bantha,ARID,4
aSGARD,Asgardian,Feasting,9,Golden Boar Roast,Cool Majestic,1
xandar,Xandarian,Star Racing ,39,nova noodles,tropical,2
xandar,Xandarian,star racing,39,Nova Noodles ,Tropical ,3
Asgard ,Asgardian,Feasting,10,golden boar roast,Cool Majestic ,1
Qo'noS,Klingon ,BAT'LETH TRAINING,31,gagh,HARSH,1
Hoth,human,Ice Sculpting ,10,Frozen Stew,frozen,3
Ego,CELESTIAL,Meditation,2,cosmic fruit,Variable ,1
Asgard ,ASGARDIAN,FEASTING,9,GOLDEN BOAR ROAST,Cool Majestic,1
VULCAN,vulcan,logic debates,40,Plomeek Soup,Hot Dry ,0
VulcAn,vulcan,Logic Debates ,42,Plomeek Soup,HOT DRY,1
Tatooine,Human ,Pod Racing,12,Roasted Bantha,ARID,3
ego,CELESTIAL,meditation,1,COSMIC FRUIT,variable,0
AsgArd,Asgardian,FEASTING,11,Golden Boar Roast ,Cool Majestic,1
Earth,human,gaming,50,PIZZA,TEMPERATE,1
PANDORA,Na’vi,Tree Climbing ,17,Glowfruit Salad ,humid,2
Gallifrey,Time Lord,time travel,12,Chrono Cakes,Variable,3
hoth,HUMAN,ICE SCULPTING,8,frozen stew,FROZEN,4
Qo'noS,Klingon ,Bat'leth Training,32,Gagh,Harsh ,1
Ego,celestial,MEDITATION,0,cosmic fruit,Variable ,1
HOTH,HUMAN,ice sculpting,10,FROZEN STEW,Frozen ,3
Earth,human,gaming,50,PIZZA,TEMPERATE,1
coruscant,Human ,Politics ,102,NERF STEAK,Urban ,5
tATOOINE,Human,POD RACING,12,Roasted Bantha ,Arid ,3
Vulcan,Vulcan,LOGIC DEBATES,40,plomeek soup,Hot Dry ,0
Naboo,GUNGAN,boating,25,SWAMP GUMBO,mild,3
Tatooine ,Human,Pod Racing ,12,Roasted Bantha,Arid,4
Xandar ,Xandarian,Star Racing ,37,NOVA NOODLES,Tropical ,2
qo'nos,KLINGON,BAT'LETH TRAINING,31,GAGH,HARSH,1
Qo'noS ,Klingon,Bat'leth Training,31,gagh,Harsh ,1
Krypton,Kryptonian,Flying ,28,SUNFRUIT STEW,crystal temperate,2
Hoth ,HUMAN,Ice Sculpting ,7,Frozen Stew,Frozen ,3
PAndorA,Na’vi ,TREE CLIMBING,16,GLOWFRUIT SALAD,Humid ,2
tatooine,Human ,POD RACING,13,Roasted Bantha,arid,4
Pandora ,Na’vi,Tree Climbing,15,Glowfruit Salad ,humid,2
nABOO,GUNGAN,Boating,24,Swamp Gumbo,mild,2
XANDAR,Xandarian,Star Racing,38,nova noodles,tropical,2
GAllifrey,Time-Lord,Time Travel,15,chrono cakes,Variable,2
xandar,Xandarian,Star Racing,39,Nova Noodles ,Tropical,2
Pandora ,Na’vi,Tree Climbing ,15,Glowfruit Salad ,HUMID,2
pandora,na’vi,Tree Climbing,18,glowfruit salad,humid,2
GAllifrey,Time Lord ,TIME TRAVEL,13,Chrono Cakes ,VARIABLE,3
TAtooine,Human,Pod Racing,14,Roasted Bantha,arid,3
hoth,HUMAN,ice sculpting,8,Frozen Stew,frozen,4
Gallifrey,Time Lord,Time Travel,13,chrono cakes,Variable,2
Mandalore ,mandalorian,ARMOR CRAFTING,24,Spicy Ration Stew,semi-arid,1
Xandar,Xandarian ,Star-Racing,37,Nova Noodles ,tropical,3
Hoth,HUMAN,Ice-Sculpting,9,FROZEN STEW,FROZEN,3
Hoth,human,ice sculpting,7,frozen stew,Frozen ,3
gallifrey,Time Lord,Time-Travel,13,chrono cakes,Variable ,2
KRYPTON,KRYPTONIAN,flying,28,SUNFRUIT STEW,Crystal Temperate ,2
Asgard ,ASGARDIAN,Feasting ,11,Golden Boar Roast,cool majestic,2
xandar,Xandarian,Star-Racing,36,NOVA NOODLES,Tropical,3
gALLIFREY,TIME LORD,Time Travel,13,CHRONO CAKES,Variable ,3
GALLIFREY,Time Lord,TIME TRAVEL,14,chrono cakes,VARIABLE,2
MAndAlore,Mandalorian,Armor-Crafting,24,SPICY RATION STEW,Semi-Arid ,2
earth,Human,gaming,51,Pizza,Temperate,1
xandar,xandarian,Star-Racing,37,Nova Noodles ,TROPICAL,2
gallifrey,Time Lord,TIME TRAVEL,13,chrono cakes,VARIABLE,2
qo'noS,Klingon,Bat'leth Training ,30,GAGH,harsh,1
tatooine,human,Pod Racing,13,ROASTED BANTHA,Arid ,3
EGO,celestial,meditation,0,Cosmic Fruit,VARIABLE,0
tATOOINE,Human,pod racing,14,roasted bantha,Arid ,4
xandar,Xandarian,Star Racing ,37,Nova Noodles,Tropical ,2
Ego,CELESTIAL,meditation,2,Cosmic Fruit,Variable,1
gallifrey,Time Lord,Time-Travel,12,CHRONO CAKES,VARIABLE,2
Gallifrey,Time Lord ,Time Travel,12,Chrono Cakes ,Variable,3
VULCAN,vulcan,Logic Debates,42,Plomeek Soup ,hot dry,0
xANDAR,XANDARIAN,STAR RACING,39,Nova Noodles ,Tropical,2
mandalore,Mandalorian ,Armor Crafting,22,spicy ration stew,Semi-Arid ,2
Ego,Celestial,Meditation ,2,Cosmic Fruit,variable,1
earth,HUMAN,Gaming ,50,PIZZA,TEMPERATE,2
gALLIFREY,time lord,TIME TRAVEL,12,chrono cakes,variable,3
gallifrey,Time Lord,Time Travel,13,Chrono Cakes ,variable,2
Hoth,Human ,Ice Sculpting ,8,frozen stew,Frozen ,4
VULCAN,Vulcan ,Logic Debates,40,Plomeek Soup,Hot Dry,1
Xandar ,XANDARIAN,Star-Racing,37,Nova Noodles ,TROPICAL,2
asgard,Asgardian ,Feasting ,8,golden boar roast,cool majestic,2
Romulus ,Romulan,Espionage ,43,ALE SOUP,Temperate ,5
Vulcan ,Vulcan ,LOGIC DEBATES,41,PLOMEEK SOUP,Hot Dry,0
vulcan,Vulcan ,Logic Debates,40,PLOMEEK SOUP,Hot Dry ,0
Mandalore,Mandalorian,armor crafting,22,SPICY RATION STEW,SEMI-ARID,1
Qo'noS,Klingon ,BAT'LETH TRAINING,31,Gagh,Harsh ,1
hoth,Human ,Ice-Sculpting,7,Frozen Stew,Frozen,3
TATOOINE,Human,Pod Racing ,11,roasted bantha,Arid ,4
hoth,Human ,ice sculpting,9,frozen stew,Frozen,4
krypton,Kryptonian,FLYING,27,Sunfruit Stew,Crystal Temperate,2
Vulcan ,Vulcan,LOGIC DEBATES,40,plomeek soup,Hot Dry,1
GAllifrey,Time Lord,time travel,12,Chrono Cakes ,VARIABLE,2
XAndAr,xandarian,star racing,37,NOVA NOODLES,Tropical ,2
TAtooine,Human ,Pod Racing,14,roasted bantha,Arid,4
VULCAN,vulcan,LOGIC DEBATES,41,PLOMEEK SOUP,Hot Dry ,1
Qo'noS,klingon,bat'leth training,32,GAGH,Harsh,1
pandora,Na’vi ,Tree-Climbing,16,Glowfruit Salad ,Humid,2
Qo'noS,Klingon,Bat'leth Training ,31,Gagh ,harsh,1
nABOO,gungan,Boating,24,Swamp Gumbo ,Mild ,2
Krypton,Kryptonian,FLYING,28,Sunfruit Stew,Crystal Temperate,2
MANDALORE,Mandalorian,ARMOR CRAFTING,22,SPICY RATION STEW,SEMI-ARID,1
TAtooine,Human,Pod-Racing,14,ROASTED BANTHA,Arid ,4
pANDORA,NA’VI,Tree Climbing,18,Glowfruit Salad,HUMID,3
Pandora,NA’VI,tree climbing,17,Glowfruit Salad ,humid,2
NAboo,Gungan ,boating,26,Swamp Gumbo,Mild,2
naboo,Gungan ,Boating ,24,Swamp Gumbo ,mild,2
Vulcan ,vulcan,LOGIC DEBATES,40,plomeek soup,Hot Dry ,0
eGO,Celestial ,Meditation ,3,cosmic fruit,Variable,0
pANDORA,Na’vi,Tree Climbing,16,Glowfruit Salad,Humid,3
Vulcan ,Vulcan,Logic Debates ,41,plomeek soup,Hot Dry ,0
EARTH,human,gaming,51,pizza,Temperate,1
cORUSCANT,HUMAN,Politics ,102,nerf steak,URBAN,4
qO'NOs,KLINGON,Bat'leth-Training,32,Gagh ,Harsh,1
coruscant,Human ,Politics ,102,Nerf Steak,Urban ,4
rOMULUS,Romulan,Espionage ,44,Ale Soup ,temperate,5
Krypton,KRYPTONIAN,Flying ,28,SUNFRUIT STEW,crystal temperate,2
Hoth ,human,Ice-Sculpting,8,Frozen Stew,Frozen,4
Mandalore ,Mandalorian,Armor Crafting,22,SPICY RATION STEW,semi-arid,2
coruscant,Human ,POLITICS,103,nerf steak,Urban ,4
Mandalore,MANDALORIAN,Armor-Crafting,23,Spicy Ration Stew,SEMI-ARID,1
Hoth,Human,ICE SCULPTING,8,Frozen Stew ,Frozen,3
asgard,ASGARDIAN,Feasting ,10,GOLDEN BOAR ROAST,cool majestic,1
gallifrey,Time Lord,Time-Travel,13,Chrono Cakes,Variable ,2
gallifrey,Time-Lord,Time-Travel,13,chrono cakes,VARIABLE,3
asgard,ASGARDIAN,feasting,10,GOLDEN BOAR ROAST,Cool Majestic,1
EArth,Human,gaming,50,Pizza ,Temperate,1
Ego,celestial,MEDITATION,2,Cosmic Fruit,variable,0
Asgard ,Asgardian,Feasting,11,GOLDEN BOAR ROAST,Cool Majestic ,1
Coruscant ,Human,POLITICS,103,NERF STEAK,urban,4
Tatooine ,HUMAN,pod racing,11,Roasted Bantha,Arid ,3
aSGARD,Asgardian ,feasting,9,golden boar roast,Cool Majestic ,1
eARTH,Human ,GAMING,49,PIZZA,Temperate,2
naboo,Gungan,BOATING,25,swamp gumbo,Mild ,2
asgard,asgardian,Feasting ,10,GOLDEN BOAR ROAST,COOL MAJESTIC,1
Hoth ,Human ,ICE SCULPTING,8,frozen stew,FROZEN,3
gALLIFREY,Time Lord ,Time Travel ,14,Chrono Cakes,VARIABLE,2
Vulcan ,Vulcan ,LOGIC DEBATES,42,Plomeek Soup ,hot dry,0
Tatooine ,Human,Pod-Racing,13,roasted bantha,Arid,4
CORUSCANT,Human,Politics ,104,nerf steak,URBAN,5
earth,Human,GAMING,50,Pizza ,TEMPERATE,1
VulcAn,VULCAN,Logic Debates ,40,plomeek soup,hot dry,0
xANDAR,Xandarian,star racing,36,Nova Noodles,Tropical,2
CoruscAnt,Human,Politics,103,nerf steak,urban,5
asgard,Asgardian ,Feasting ,11,golden boar roast,cool majestic,2
Vulcan ,Vulcan,Logic Debates,41,Plomeek Soup,Hot Dry,0
Hoth,HUMAN,Ice Sculpting,8,frozen stew,frozen,3
vulcan,Vulcan,logic debates,39,PLOMEEK SOUP,Hot Dry ,0
rOMULUS,Romulan,espionage,44,Ale Soup,Temperate,5
ego,CELESTIAL,MEDITATION,2,Cosmic Fruit,Variable ,0
KRYPTON,kryptonian,Flying,29,Sunfruit Stew,Crystal Temperate,3
CORUSCANT,human,politics,102,Nerf Steak,urban,4
pANDORA,Na’vi,Tree-Climbing,16,glowfruit salad,Humid ,2
Xandar ,xandarian,Star Racing,38,Nova Noodles ,Tropical,2
qO'NOs,klingon,BAT'LETH TRAINING,30,GAGH,HARSH,1
qO'NOs,Klingon,bat'leth training,33,GAGH,Harsh,1
eGO,CELESTIAL,meditation,2,cosmic fruit,Variable ,1
Asgard,Asgardian,feasting,9,GOLDEN BOAR ROAST,cool majestic,1
krypton,Kryptonian,Flying,30,Sunfruit Stew,crystal temperate,2
eARTH,HUMAN,Gaming,50,Pizza,temperate,2
HOTH,Human,Ice Sculpting ,7,frozen stew,Frozen,3
kRYPTON,KRYPTONIAN,FLYING,27,sunfruit stew,CRYSTAL TEMPERATE,2
xandar,xandarian,star racing,37,nova noodles,Tropical ,2
QO'NOS,Klingon,Bat'leth Training ,33,Gagh,Harsh ,1
PAndorA,NA’VI,Tree Climbing ,17,Glowfruit Salad ,HUMID,2
vULCAN,Vulcan,Logic Debates,40,Plomeek Soup ,Hot Dry ,0
Asgard ,asgardian,Feasting,9,Golden Boar Roast ,cool majestic,1
asgard,asgardian,FEASTING,11,Golden Boar Roast,Cool Majestic,2
PAndorA,Na’vi,tree climbing,18,Glowfruit Salad ,HUMID,2
EARTH,Human,gaming,50,pizza,temperate,1
tatooine,human,pod racing,14,Roasted Bantha ,Arid,4
pandora,Na’vi ,tree climbing,15,Glowfruit Salad,Humid,2
eGO,Celestial,Meditation ,3,Cosmic Fruit,Variable,0
gallifrey,time lord,time travel,13,Chrono Cakes,VARIABLE,2
Krypton,Kryptonian,flying,29,Sunfruit Stew,CRYSTAL TEMPERATE,2
EArth,HUMAN,Gaming,50,Pizza,TEMPERATE,1
qo'noS,Klingon,Bat'leth Training,31,GAGH,Harsh,2
Coruscant ,HUMAN,politics,103,NERF STEAK,urban,4
Asgard,Asgardian,FEASTING,10,Golden Boar Roast ,cool majestic,1
qo'nos,klingon,Bat'leth Training,31,Gagh ,HARSH,1
pandora,Na’vi ,Tree Climbing,15,glowfruit salad,Humid,2
krypton,Kryptonian ,Flying ,30,Sunfruit Stew,CRYSTAL TEMPERATE,2
hoth,human,Ice Sculpting,8,FROZEN STEW,frozen,4
asgard,Asgardian,Feasting,8,GOLDEN BOAR ROAST,COOL MAJESTIC,1
hoth,Human ,Ice Sculpting,7,Frozen Stew ,FROZEN,4
PAndorA,Na’vi,Tree-Climbing,16,GLOWFRUIT SALAD,humid,2
MANDALORE,Mandalorian ,Armor-Crafting,23,Spicy Ration Stew ,Semi-Arid ,2
Naboo,Gungan,Boating ,24,SWAMP GUMBO,MILD,3
CoruscAnt,human,politics,103,nerf steak,Urban ,4
XAndAr,Xandarian ,star racing,39,Nova Noodles ,tropical,3
krypton,KRYPTONIAN,Flying,28,Sunfruit Stew,CRYSTAL TEMPERATE,3
Ego ,celestial,Meditation,3,Cosmic Fruit,variable,1
cORUSCANT,Human ,POLITICS,104,Nerf Steak,Urban,5
ASGARD,ASGARDIAN,feasting,10,golden boar roast,COOL MAJESTIC,2
Krypton,kryptonian,Flying,28,sunfruit stew,Crystal Temperate ,2
qO'NOs,klingon,bat'leth training,30,GAGH,Harsh,2
Hoth,HUMAN,Ice Sculpting,7,frozen stew,FROZEN,3
CORUSCANT,Human,politics,104,Nerf Steak ,urban,5
Tatooine,Human,Pod Racing,12,ROASTED BANTHA,ARID,4
eGO,CELESTIAL,Meditation,1,cosmic fruit,VARIABLE,0
Pandora ,na’vi,tree climbing,17,glowfruit salad,humid,3
kRYPTON,KRYPTONIAN,flying,29,Sunfruit Stew,crystal temperate,3
QO'NOS,Klingon,bat'leth training,31,Gagh ,HARSH,2
kRYPTON,Kryptonian ,FLYING,28,SUNFRUIT STEW,CRYSTAL TEMPERATE,2
hOTH,human,ICE SCULPTING,8,Frozen Stew ,FROZEN,3
Gallifrey ,Time Lord,Time Travel,15,CHRONO CAKES,Variable ,2
Xandar,Xandarian,Star Racing ,37,NOVA NOODLES,Tropical ,2
Xandar,Xandarian ,Star-Racing,37,nova noodles,tropical,2
Qo'noS,KLINGON,BAT'LETH TRAINING,31,Gagh ,HARSH,2
Ego,CELESTIAL,Meditation ,3,COSMIC FRUIT,VARIABLE,0
QO'NOS,KLINGON,Bat'leth Training,31,Gagh ,HARSH,1
naboo,Gungan ,Boating,23,SWAMP GUMBO,MILD,3
Coruscant ,Human,Politics ,102,nerf steak,Urban ,4
Krypton ,Kryptonian ,flying,30,Sunfruit Stew,Crystal Temperate,2
Hoth,Human,ICE SCULPTING,8,FROZEN STEW,FROZEN,4
naboo,Gungan ,Boating,25,Swamp Gumbo,Mild,3
TATOOINE,Human,Pod-Racing,13,ROASTED BANTHA,ARID,3
Coruscant,HUMAN,Politics,104,Nerf Steak,urban,4
eGO,celestial,MEDITATION,1,COSMIC FRUIT,VARIABLE,1
asgard,asgardian,feasting,10,Golden Boar Roast ,cool majestic,2
Earth ,human,Gaming,51,Pizza,TEMPERATE,1
Mandalore ,mandalorian,ARMOR CRAFTING,23,Spicy Ration Stew,semi-arid,2
Coruscant,human,politics,104,NERF STEAK,URBAN,5
Ego,Celestial ,Meditation ,1,Cosmic Fruit,Variable,0
PAndorA,Na’vi ,Tree Climbing ,15,Glowfruit Salad ,HUMID,2
AsgArd,ASGARDIAN,FEASTING,10,Golden Boar Roast,COOL MAJESTIC,1
VULCAN,VULCAN,LOGIC DEBATES,40,PLOMEEK SOUP,hot dry,0
qo'noS,Klingon ,Bat'leth Training ,33,GAGH,Harsh ,1
romulus,Romulan ,espionage,43,ale soup,Temperate ,5
Qo'noS,klingon,Bat'leth Training,32,GAGH,Harsh ,1
ego,Celestial ,Meditation,1,Cosmic Fruit,Variable,0
tATOOINE,Human,pod racing,12,Roasted Bantha ,ARID,3
KRYPTON,Kryptonian,flying,27,Sunfruit Stew ,CRYSTAL TEMPERATE,2
asgard,Asgardian,feasting,9,Golden Boar Roast ,cool majestic,1
qo'noS,Klingon,Bat'leth-Training,31,Gagh ,Harsh ,2
Earth,Human ,Gaming,50,Pizza,Temperate,2
xandar,Xandarian,star racing,37,NOVA NOODLES,TROPICAL,2
rOMULUS,romulan,Espionage,45,Ale Soup,temperate,6
Xandar ,XANDARIAN,star racing,37,NOVA NOODLES,Tropical,2
asgard,Asgardian ,Feasting,9,golden boar roast,COOL MAJESTIC,1
Asgard,asgardian,Feasting ,8,Golden Boar Roast ,Cool Majestic ,2
EARTH,human,GAMING,52,Pizza ,Temperate ,1
mANDALORE,mandalorian,Armor-Crafting,23,Spicy Ration Stew ,semi-arid,1
Ego,Celestial,Meditation ,1,Cosmic Fruit,variable,1
Ego ,Celestial ,Meditation,3,Cosmic Fruit,VARIABLE,1
Pandora,Na’vi,Tree Climbing,18,glowfruit salad,HUMID,2
TAtooine,Human,pod racing,12,Roasted Bantha ,Arid,3
aSGARD,asgardian,Feasting,11,golden boar roast,Cool Majestic,1
krypton,Kryptonian,Flying,28,Sunfruit Stew ,Crystal Temperate ,2
romulus,Romulan,Espionage ,43,Ale Soup,Temperate,5
Romulus ,ROMULAN,Espionage,46,Ale Soup ,Temperate ,6
Naboo ,Gungan,BOATING,25,Swamp Gumbo ,Mild ,2
EARTH,Human,Gaming,50,pizza,TEMPERATE,1
vULCAN,Vulcan ,logic debates,39,plomeek soup,Hot Dry ,0
Ego,Celestial,meditation,2,Cosmic Fruit ,VARIABLE,0
VulcAn,vulcan,Logic Debates ,40,PLOMEEK SOUP,hot dry,0
Hoth,Human,ICE SCULPTING,9,frozen stew,Frozen ,3
NAboo,Gungan,Boating,24,Swamp Gumbo,mild,2
HOTH,Human,ice sculpting,8,FROZEN STEW,FROZEN,3
