state,has_nba_team,has_major_zoo,is_coastal,has_waffle_house,personality_profile,openness_rank,avg_temp_f,annual_sunny_days,ufo_sightings_per_100k,dog_ownership_pct,national_parks_count,political_lean,total_pop,median_income,median_age,bachelors_deg_pct,poverty_rate_pct,work_from_home_pct,foreign_born_pct,mean_commute_minutes,search_interest_basketball,search_interest_football,search_interest_baseball,search_interest_soccer,search_interest_hockey,search_interest_golf,search_interest_tennis,search_interest_pickleball,search_interest_swimming,search_interest_skiing,search_interest_snowboarding,search_interest_surfing,search_interest_bowling,search_interest_boxing,search_interest_mma,search_interest_nba,search_interest_nfl,search_interest_mlb,search_interest_nhl,search_interest_super bowl,search_interest_college football,search_interest_march madness,search_interest_wnba,search_interest_mls,search_interest_pga tour,search_interest_formula 1,search_interest_nascar,search_interest_ufc,search_interest_track and field,search_interest_volleyball,search_interest_crossfit,search_interest_powerlifting,search_interest_gymnastics,search_interest_marathon,search_interest_triathlon,search_interest_lacrosse,search_interest_rugby,search_interest_cricket,search_interest_archery,search_interest_rowing,search_interest_skateboarding,search_interest_snowshoeing,search_interest_table tennis,search_interest_badminton,search_interest_water polo,search_interest_pizza,search_interest_tacos,search_interest_sushi,search_interest_burgers,search_interest_barbecue,search_interest_ramen,search_interest_pasta,search_interest_steak,search_interest_seafood,search_interest_fried chicken,search_interest_pho,search_interest_curry,search_interest_dumplings,search_interest_paella,search_interest_empanadas,search_interest_gyros,search_interest_falafel,search_interest_bagels,search_interest_pancakes,search_interest_waffles,search_interest_ice cream,search_interest_donuts,search_interest_churros,search_interest_cheesecake,search_interest_boba,search_interest_brisket,search_interest_pulled pork,search_interest_bbq ribs,search_interest_clam chowder,search_interest_gumbo,search_interest_lobster roll,search_interest_deep dish pizza,search_interest_hot wings,search_interest_philly cheesesteak,search_interest_biscuits and gravy,search_interest_crab cakes,search_interest_jambalaya,search_interest_beignets,search_interest_key lime pie,search_interest_poutine,search_interest_tamales,search_interest_enchiladas,search_interest_quesadillas,search_interest_birria tacos,search_interest_poke bowl,search_interest_pad thai,search_interest_tikka masala,search_interest_shawarma,search_interest_nachos,search_interest_buffalo wings,search_interest_hot dogs,search_interest_corn dogs,search_interest_pot roast,search_interest_meatloaf,search_interest_shepherds pie,search_interest_chicken pot pie,search_interest_mac and cheese,search_interest_kolaches,search_interest_scrapple,search_interest_fry bread,search_interest_sourdough bread,search_interest_cornbread,search_interest_funnel cake,search_interest_apple pie,search_interest_pecan pie,search_interest_peach cobbler,search_interest_pumpkin pie,search_interest_sweet potato pie,search_interest_cinnamon rolls,search_interest_scones,search_interest_croissants,search_interest_cannoli,search_interest_tiramisu,search_interest_baklava,search_interest_gelato,search_interest_frozen yogurt,search_interest_milkshakes,search_interest_smoothies,search_interest_lemonade,search_interest_sweet tea,search_interest_kombucha,search_interest_matcha latte,search_interest_hot sauce,search_interest_ranch dressing,search_interest_maple syrup,search_interest_honey,search_interest_peanut butter,search_interest_mcdonalds,search_interest_taco bell,search_interest_chick fil a,search_interest_wendys,search_interest_burger king,search_interest_popeyes,search_interest_dominos pizza,search_interest_pizza hut,search_interest_subway,search_interest_chipotle,search_interest_dunkin donuts,search_interest_panera bread,search_interest_panda express,search_interest_five guys,search_interest_in n out,search_interest_whataburger,search_interest_sonic drive in,search_interest_culvers,search_interest_raising canes,search_interest_zaxbys,search_interest_bojangles,search_interest_jack in the box,search_interest_del taco,search_interest_sheetz,search_interest_wawa,search_interest_buc ees,search_interest_churro waffle,search_interest_chicken and waffles,search_interest_eggs benedict,search_interest_avocado toast,search_interest_acai bowl,search_interest_arancini,search_interest_samosas,search_interest_bao buns,search_interest_bibimbap,search_interest_bulgogi,search_interest_elote,search_interest_chilaquiles,search_interest_tres leches,search_interest_flan,search_interest_churro ice cream,search_interest_cheerios,search_interest_frosted flakes,search_interest_cinnamon toast crunch,search_interest_honey nut cheerios,search_interest_lucky charms,search_interest_froot loops,search_interest_frosted mini wheats,search_interest_capn crunch,search_interest_rice krispies,search_interest_cocoa puffs,search_interest_trix,search_interest_raisin bran,search_interest_fruity pebbles,search_interest_special k,search_interest_apple jacks,search_interest_honey bunches of oats,search_interest_corn flakes,search_interest_wheat thies,search_interest_life cereal,search_interest_golden grahams,search_interest_kix,search_interest_cookie crisp,search_interest_chex,search_interest_corn pops,search_interest_grape nuts,search_interest_quaker oats,search_interest_malt o meal,search_interest_cocoa krispies,search_interest_honey smacks,search_interest_franken berry,search_interest_count chocula,search_interest_boo berry,search_interest_raisin bran crunch,search_interest_cracklin oat bran,search_interest_peanut butter crunch,search_interest_honey comb,search_interest_alphabits,search_interest_waffle crisp,search_interest_smorz,search_interest_french toast crunch,search_interest_basic 4,search_interest_total cereal,search_interest_fiber one,search_interest_oatmeal raisin crisp,search_interest_cereal bars,search_interest_instant oatmeal,search_interest_steel cut oats,search_interest_cream of wheat,search_interest_grits,search_interest_granola,search_interest_cheerios cereal,search_interest_frosted flakes cereal,search_interest_cinnamon toast crunch cereal,search_interest_honey nut cheerios cereal,search_interest_lucky charms cereal,search_interest_froot loops cereal,search_interest_frosted mini wheats cereal,search_interest_capn crunch cereal,search_interest_rice krispies cereal,search_interest_cocoa puffs cereal,search_interest_kashi cereal,search_interest_bear naked granola,search_interest_nature valley cereal,search_interest_magic spoon,search_interest_catalina crunch,search_interest_crispy rice,search_interest_puffins cereal,search_interest_gorilla munch,search_interest_heritage flakes,search_interest_barbara cereal,search_interest_weetabix,search_interest_muesli,search_interest_granola bars,search_interest_oat bran,search_interest_wheat bran,search_interest_honey nut chex,search_interest_chocolate chex,search_interest_cinnamon chex,search_interest_apple cinnamon cheerios,search_interest_very berry cheerios,search_interest_chocolate frosted flakes,search_interest_marshmallow mateys,search_interest_tootie frooties,search_interest_cocoa roos,search_interest_fruity dino bites,search_interest_dog,search_interest_cat,search_interest_bear,search_interest_deer,search_interest_eagle,search_interest_wolf,search_interest_coyote,search_interest_fox,search_interest_bison,search_interest_moose,search_interest_alligator,search_interest_snake,search_interest_turtle,search_interest_owl,search_interest_hawk,search_interest_falcon,search_interest_shark,search_interest_dolphin,search_interest_whale,search_interest_seal,search_interest_otter,search_interest_beaver,search_interest_raccoon,search_interest_possum,search_interest_armadillo,search_interest_skunk,search_interest_badger,search_interest_panther,search_interest_mountain lion,search_interest_bobcat,search_interest_elk,search_interest_antelope,search_interest_porcupine,search_interest_manatee,search_interest_pelican,search_interest_flamingo,search_interest_black bear,search_interest_grizzly bear,search_interest_polar bear,search_interest_white tailed deer,search_interest_mule deer,search_interest_gray wolf,search_interest_red fox,search_interest_cougar,search_interest_jaguar,search_interest_crocodile,search_interest_rattlesnake,search_interest_copperhead,search_interest_garter snake,search_interest_bald eagle,search_interest_golden eagle,search_interest_red tailed hawk,search_interest_great horned owl,search_interest_barn owl,search_interest_raven,search_interest_crow,search_interest_blue jay,search_interest_cardinal,search_interest_hummingbird,search_interest_woodpecker,search_interest_turkey,search_interest_pheasant,search_interest_quail,search_interest_sea turtle,search_interest_sea lion,search_interest_walrus,search_interest_sea otter,search_interest_river otter,search_interest_muskrat,search_interest_nutria,search_interest_humpback whale,search_interest_orca,search_interest_blue whale,search_interest_great white shark,search_interest_hammerhead shark,search_interest_bull shark,search_interest_stingray,search_interest_manta ray,search_interest_octopus,search_interest_giant squid,search_interest_jellyfish,search_interest_lion,search_interest_tiger,search_interest_leopard,search_interest_cheetah,search_interest_snow leopard,search_interest_giraffe,search_interest_zebra,search_interest_hippopotamus,search_interest_rhinoceros,search_interest_elephant,search_interest_gorilla,search_interest_chimpanzee,search_interest_orangutan,search_interest_lemur,search_interest_koala,search_interest_kangaroo,search_interest_sloth,search_interest_panda,search_interest_red panda,search_interest_capybara,search_interest_meerkat,search_interest_hyena,search_interest_komodo dragon,search_interest_axolotl,search_interest_rabbit,search_interest_guinea pig,search_interest_hamster,search_interest_ferret,search_interest_chinchilla,search_interest_hedgehog,search_interest_bearded dragon,search_interest_gecko,search_interest_iguana,search_interest_chameleon,search_interest_ball python,search_interest_corn snake,search_interest_goldfish,search_interest_betta fish,search_interest_parakeet,search_interest_cockatiel,search_interest_macaw,search_interest_groundhog,search_interest_prairie dog,search_interest_chipmunk,search_interest_flying squirrel,search_interest_bat,search_interest_wolverine,search_interest_caribou,search_interest_muskox,search_interest_bighorn sheep,search_interest_mountain goat,search_interest_snowy owl,search_interest_osprey,search_interest_peregrine falcon,search_interest_kingfisher,search_interest_heron,search_interest_egret,search_interest_cormorant,search_interest_puffin,search_interest_loon,search_interest_albatross,search_interest_tiger shark,search_interest_nurse shark,search_interest_whale shark,search_interest_barracuda,search_interest_moray eel,search_interest_caiman,search_interest_cottonmouth snake,search_interest_coral snake,search_interest_gila monster,search_interest_snapping turtle,search_interest_camping,search_interest_hiking,search_interest_fishing,search_interest_hunting,search_interest_kayaking,search_interest_canoeing,search_interest_rock climbing,search_interest_mountain biking,search_interest_boating,search_interest_jet ski,search_interest_paddleboarding,search_interest_fly fishing,search_interest_bird watching,search_interest_rv travel,search_interest_offroading,search_interest_atv riding,search_interest_tent camping,search_interest_rv camping,search_interest_backpacking,search_interest_geocaching,search_interest_target shooting,search_interest_bass fishing,search_interest_trout fishing,search_interest_deep sea fishing,search_interest_crabbing,search_interest_ice fishing,search_interest_stargazing,search_interest_gardening,search_interest_houseplants,search_interest_bouldering,search_interest_canyoning,search_interest_caving,search_interest_mountaineering,search_interest_trail running,search_interest_disc golf,search_interest_pickleball court,search_interest_cornhole,search_interest_horseshoe pitching,search_interest_skeet shooting,search_interest_spearfishing,search_interest_clamming,search_interest_lobster trapping,search_interest_foraging,search_interest_mushroom hunting,search_interest_metal detecting,search_interest_bushcraft,search_interest_overlanding,search_interest_dirt biking,search_interest_snowmobiling,search_interest_hydrofoiling,search_interest_windsurfing,search_interest_kitesurfing,search_interest_wakeboarding,search_interest_water skiing,search_interest_woodworking,search_interest_knitting,search_interest_crochet,search_interest_pottery,search_interest_baking,search_interest_grilling,search_interest_tailgating,search_interest_painting,search_interest_drawing,search_interest_calligraphy,search_interest_origami,search_interest_sewing,search_interest_leatherworking,search_interest_candle making,search_interest_soap making,search_interest_scrapbooking,search_interest_journaling,search_interest_digital art,search_interest_sculpting,search_interest_embroidery,search_interest_quilting,search_interest_stained glass,search_interest_jewelry making,search_interest_resin art,search_interest_cross stitch,search_interest_wood carving,search_interest_latch hook,search_interest_flower arranging,search_interest_video games,search_interest_board games,search_interest_chess,search_interest_3d printing,search_interest_pc building,search_interest_drone flying,search_interest_astrophotography,search_interest_retro gaming,search_interest_vr gaming,search_interest_tabletop rpg,search_interest_dungeons and dragons,search_interest_warhammer,search_interest_magic the gathering,search_interest_cosplay,search_interest_sim racing,search_interest_ham radio,search_interest_coding,search_interest_thrifting,search_interest_vinyl records,search_interest_coin collecting,search_interest_stamp collecting,search_interest_sneakerhead,search_interest_vintage clothing,search_interest_bonsai,search_interest_aquascaping,search_interest_terrarium,search_interest_card collecting,search_interest_action figures,search_interest_antiquing,search_interest_fossil hunting,search_interest_rockhounding,search_interest_comic books,search_interest_playing guitar,search_interest_piano,search_interest_ukulele,search_interest_singing,search_interest_djing,search_interest_magic tricks,search_interest_sourdough baking,search_interest_fermentation,search_interest_canning,search_interest_barbecue smoking,search_interest_yoga,search_interest_pilates,search_interest_meditation
Alabama,False,False,True,True,Friendly & Conventional,Low,62.8,213,39.8,44.8,0,Solid Red,5108468,69021,38.5,34.3,11.5,15.2,13.6,26.8,49,100,72,51,11,49,26,34,28,14,21,7,8,38,43,63,44,42,17,54,100,51,33,50,53,11,65,38,53,9,37,19,72,31,22,13,9,38,37,17,21,5,8,13,8,56,36,38,65,79,27,47,82,49,58,18,38,61,20,17,21,23,17,46,52,64,47,19,70,31,46,36,71,11,23,4,15,41,67,27,19,16,30,48,19,17,23,55,56,26,17,16,20,42,75,60,66,80,66,19,47,65,15,3,12,44,89,69,42,74,100,37,70,75,30,52,24,33,20,30,47,89,33,56,88,27,19,40,52,10,48,44,72,83,84,47,90,43,89,52,77,43,24,83,40,65,7,40,37,13,37,88,20,7,9,1,5,82,0,38,34,18,15,16,32,45,15,33,19,12,20,19,33,46,69,82,56,69,78,46,57,55,49,48,48,67,23,90,81,39,0,16,35,15,67,23,55,41,31,20,37,100,0,47,44,77,0,22,56,0,65,0,31,10,18,15,0,21,20,16,52,74,19,13,23,33,14,46,55,0,0,46,56,15,50,0,17,18,55,0,0,23,0,99,12,15,30,18,0,47,31,0,0,0,0,0,100,0,39,39,42,58,20,53,52,60,6,6,50,63,41,43,38,35,26,48,27,46,28,13,39,74,52,25,3,63,14,12,8,7,11,5,19,8,31,11,23,29,8,33,28,40,64,44,61,57,52,33,32,35,36,44,31,33,39,28,76,30,45,7,23,26,28,26,9,26,23,32,11,14,40,24,25,58,57,4,45,50,57,21,68,65,80,35,47,42,55,17,49,44,40,47,57,34,39,62,55,46,53,61,59,59,60,54,42,42,37,40,45,63,60,23,59,43,76,59,60,44,34,52,60,10,58,27,65,34,2,2,4,12,15,18,33,12,43,33,9,9,4,22,18,50,36,42,16,52,80,60,16,67,17,14,44,51,40,32,30,12,65,52,17,7,31,20,27,73,19,29,12,40,28,97,16,100,8,4,16,18,11,7,14,56,7,7,41,31,43,0,88,5,2,0,17,14,35,26,26,0,11,0,6,6,47,23,23,19,45,31,37,48,27,39,71,26,23,41,46,26,21,24,16,10,14,43,30,39,19,14,64,26,36,33,27,16,35,25,13,36,16,7,10,19,49,59,34,45,20,52,17,33,40,42,13,12,19,28,21,27,21,33,87,9,8,54,38,25,7,51,24,51,34,15,39,81,12,36,14
Alaska,False,False,True,False,Relaxed & Creative,Low,26.6,125,83.9,29.8,8,Solid Red,733406,69021,38.5,34.3,11.5,15.2,13.6,26.8,23,24,25,41,38,30,15,27,33,38,68,14,6,36,52,70,69,52,66,68,20,31,29,100,24,10,26,58,31,10,36,27,59,49,59,8,12,24,51,29,26,29,9,18,8,61,37,44,73,43,56,50,69,25,50,63,45,44,23,20,20,29,17,70,70,54,27,21,41,53,65,83,79,61,22,3,16,21,66,100,21,15,10,47,49,18,44,39,70,17,100,24,39,50,18,41,82,99,73,30,60,69,14,5,66,88,41,43,65,55,36,93,32,100,86,61,23,50,24,34,45,47,29,40,35,65,23,38,60,18,43,40,70,60,9,30,39,15,57,19,60,15,5,3,48,7,7,2,13,1,56,1,1,6,2,1,1,0,0,17,69,17,13,24,72,74,22,66,24,17,28,28,0,41,72,52,53,76,62,0,0,58,67,52,32,43,21,29,58,25,0,20,0,19,0,20,0,85,49,61,0,0,0,0,0,0,0,0,66,0,0,0,0,8,0,10,0,34,17,25,97,20,22,9,0,0,0,0,0,0,0,81,0,0,0,0,22,12,94,0,0,0,0,73,29,16,32,39,0,0,0,0,0,0,0,0,0,0,45,48,100,32,100,63,48,68,12,100,21,75,39,53,34,43,25,34,94,67,86,28,38,39,40,33,9,60,22,17,15,11,100,4,21,11,67,57,100,0,14,23,59,39,47,47,22,27,29,100,79,30,76,55,100,46,41,19,43,31,40,7,16,20,100,100,100,100,80,24,100,80,75,29,26,42,53,8,72,100,65,22,47,50,46,82,48,33,61,19,47,51,49,62,51,46,41,81,74,62,54,71,79,78,89,61,63,60,54,59,44,59,66,15,67,45,89,50,69,59,38,64,41,8,44,100,45,59,49,100,22,94,93,38,77,17,36,28,20,100,15,49,21,53,46,40,23,34,0,28,23,24,29,28,100,67,100,45,77,31,54,48,45,36,63,39,64,43,32,55,56,74,34,33,95,29,25,38,25,16,10,17,0,41,66,13,57,28,47,0,47,17,29,0,35,0,30,46,62,47,52,0,0,16,0,64,31,77,58,20,48,45,14,43,76,25,50,54,95,19,26,39,14,10,12,31,55,63,31,15,69,61,47,0,33,16,36,32,21,44,26,7,13,25,74,95,72,52,26,70,13,36,36,0,0,0,24,36,0,32,0,30,0,25,31,70,45,30,17,35,31,54,78,17,84,0,17,27,14
Arizona,True,False,False,False,Relaxed & Creative,Moderate,60.3,299,62.5,41.0,3,Swing State,7431344,69021,38.5,34.3,11.5,15.2,13.6,26.8,37,39,46,73,18,68,26,57,33,15,38,10,7,59,65,89,77,83,38,79,29,56,36,64,71,15,42,80,34,11,27,20,58,36,28,11,11,38,32,20,33,9,11,17,12,68,80,53,77,52,37,53,72,18,50,36,37,43,24,22,38,25,45,63,51,65,47,34,75,63,60,51,73,21,7,5,16,28,49,46,12,8,8,35,23,44,52,71,62,18,26,17,30,51,47,73,73,75,59,19,37,63,10,3,100,63,33,40,48,34,41,69,24,66,38,61,29,49,26,55,76,44,36,58,29,36,27,41,44,13,40,39,63,65,50,39,69,26,62,31,58,71,33,63,89,41,70,29,30,19,40,3,5,82,43,1,1,100,0,58,52,22,18,16,50,61,14,34,59,53,30,27,90,38,66,62,44,70,72,44,63,59,58,51,42,70,20,59,79,41,0,25,41,19,56,17,54,58,35,42,45,50,0,55,59,56,17,16,54,0,47,0,52,10,17,14,0,20,18,20,78,16,22,13,21,25,12,56,56,13,0,52,48,19,62,49,25,18,62,56,0,20,0,87,15,13,41,24,62,39,37,88,0,0,0,0,0,0,44,45,48,34,17,58,70,61,8,6,28,74,31,57,57,52,27,31,32,48,31,18,33,29,63,34,5,63,33,9,16,51,13,3,13,9,45,12,29,21,15,26,24,39,85,47,66,24,31,33,45,42,70,44,38,32,33,37,80,27,41,5,35,20,29,28,14,24,17,19,11,20,41,20,22,42,59,5,52,54,42,24,52,56,65,44,49,42,46,18,53,48,43,55,54,42,42,75,95,52,67,78,62,72,72,46,56,73,40,38,53,56,76,21,64,39,73,54,75,53,54,71,31,18,45,15,53,41,2,3,15,13,19,22,41,6,27,26,9,10,5,24,16,44,33,29,17,46,12,59,100,25,25,22,25,25,32,22,48,20,26,38,42,7,44,28,93,35,23,51,22,43,43,36,20,23,5,4,44,17,10,34,22,45,12,10,30,58,40,0,41,4,3,0,20,14,27,22,44,21,7,0,10,10,50,26,24,24,40,30,37,49,16,45,80,25,36,48,59,22,19,37,13,11,17,27,26,44,26,14,41,27,33,28,35,17,38,29,15,34,25,8,11,17,57,69,48,54,25,46,17,37,47,47,13,15,22,35,20,29,28,33,28,8,37,61,37,28,10,40,41,54,46,15,23,47,19,52,18
Arkansas,False,False,False,True,Friendly & Conventional,Low,60.4,218,44.8,51.6,1,Solid Red,3067732,69021,38.5,34.3,11.5,15.2,13.6,26.8,63,57,69,48,9,51,24,31,36,12,21,6,8,37,44,71,53,38,14,68,46,70,35,43,34,9,38,44,40,9,28,20,69,31,23,10,8,49,42,16,23,5,7,13,7,72,59,32,100,79,31,48,69,19,56,29,36,69,20,15,20,19,18,62,40,57,48,21,50,36,58,49,75,11,19,4,14,39,56,50,14,15,26,38,24,36,35,83,69,13,31,16,27,55,52,45,100,84,78,19,51,60,58,4,17,47,78,78,47,90,64,59,55,84,35,50,23,35,21,29,47,54,29,54,69,30,19,36,58,11,44,48,75,82,60,49,77,53,98,64,84,41,12,44,53,32,7,34,94,5,43,26,5,16,4,1,1,91,0,38,38,18,9,10,37,44,13,53,27,14,27,21,46,40,77,68,41,68,73,54,79,58,60,54,59,76,19,65,83,45,0,17,36,25,77,28,51,60,31,69,0,59,0,71,73,0,0,21,59,0,0,0,61,9,11,13,0,24,18,16,53,27,17,13,29,36,9,40,0,0,0,62,0,9,0,97,17,16,67,0,0,26,0,80,13,14,29,17,0,57,0,0,0,0,0,0,0,0,41,42,45,72,21,54,51,56,6,7,46,82,41,47,33,40,25,36,25,51,54,39,46,99,68,43,3,70,30,15,13,8,14,4,12,7,34,13,26,64,13,27,32,36,48,39,40,77,62,52,27,40,39,47,35,40,44,37,87,40,48,9,26,23,29,28,11,34,33,37,11,15,39,21,20,49,54,4,45,54,35,22,50,65,72,38,48,46,48,16,48,46,46,52,59,40,38,71,62,49,51,68,63,65,62,54,49,53,44,45,47,60,56,19,58,51,71,51,65,49,39,61,56,16,57,28,59,38,2,2,5,15,18,16,35,6,32,29,9,10,4,24,14,41,33,35,15,54,100,62,20,81,22,14,45,62,36,44,39,23,50,36,16,10,37,22,41,53,25,35,14,52,26,100,43,39,4,5,18,16,11,8,0,47,7,7,44,35,60,0,68,5,0,0,23,27,39,27,40,0,8,0,5,5,63,26,25,23,50,26,38,51,19,54,76,24,31,47,46,26,25,29,15,10,12,34,37,47,22,14,70,32,36,22,36,15,36,23,14,35,12,6,10,20,58,62,45,42,21,57,16,45,39,37,0,17,19,33,0,27,23,36,63,11,16,61,35,26,8,43,28,52,38,15,58,0,12,31,11
California,True,True,True,False,Relaxed & Creative,High,59.4,265,38.5,32.9,9,Solid Blue,38965193,69021,38.5,34.3,11.5,15.2,13.6,26.8,22,29,43,88,13,50,35,55,38,16,44,21,6,70,62,89,68,77,32,78,19,40,29,77,40,20,21,79,38,10,32,22,53,44,36,14,15,40,23,32,47,12,16,43,57,75,83,64,88,54,47,61,56,20,47,57,50,52,42,32,14,45,35,64,49,66,37,54,69,100,39,33,80,49,10,6,18,26,48,23,12,7,14,25,24,46,42,54,49,25,33,25,37,51,32,48,59,44,37,17,31,52,5,2,11,56,28,54,47,24,25,52,24,50,46,72,27,59,33,55,80,35,38,60,27,45,46,38,36,12,40,35,60,58,40,24,48,25,57,20,51,61,14,44,76,29,91,2,18,1,47,1,1,99,74,1,1,21,13,36,48,26,28,18,62,50,26,57,35,39,29,34,93,42,55,53,37,67,66,37,54,53,75,54,33,57,21,51,92,37,20,22,24,28,64,14,44,49,41,28,53,48,58,51,48,50,8,16,47,3,48,24,45,13,18,19,0,18,19,25,69,17,27,12,22,30,12,51,75,11,100,48,50,18,49,37,24,20,75,50,28,29,41,78,20,14,42,25,30,23,28,54,0,38,19,0,0,0,41,43,59,17,18,50,64,41,6,6,30,71,30,43,41,44,26,33,38,51,38,12,38,54,35,51,4,65,37,6,40,37,13,3,21,10,42,14,29,15,5,22,27,35,71,49,37,16,37,46,43,42,50,53,32,37,53,24,57,21,42,5,19,23,49,36,32,27,15,22,16,22,60,28,22,35,59,6,56,54,45,24,54,61,68,47,48,46,46,18,57,46,49,58,61,51,45,67,93,64,74,80,57,66,65,54,49,76,39,46,45,48,59,23,68,27,54,51,60,85,62,62,34,11,46,16,56,40,2,2,7,11,17,25,40,5,39,39,13,13,5,26,19,39,35,40,14,39,9,23,16,19,30,22,27,18,37,25,57,22,35,36,30,7,45,23,54,24,27,40,32,35,28,41,21,26,15,5,36,23,12,19,30,38,16,12,26,47,30,19,29,10,9,3,29,17,26,19,37,21,8,44,21,16,57,26,25,31,37,32,38,42,18,44,97,28,45,40,42,22,16,33,17,18,20,28,22,42,23,18,32,28,29,38,40,20,48,34,17,32,22,9,13,22,61,60,47,58,27,38,26,43,52,40,14,20,29,50,30,30,25,36,22,9,14,64,38,34,12,39,53,55,37,25,24,46,22,61,24
Colorado,True,True,False,False,Relaxed & Creative,High,45.1,245,67.2,47.2,4,Solid Blue,5877610,69021,38.5,34.3,11.5,15.2,13.6,26.8,31,38,33,71,31,70,27,54,36,45,72,13,8,43,53,76,82,50,78,80,30,54,24,61,49,17,27,54,46,12,47,24,73,48,55,36,17,33,43,28,37,47,10,15,13,56,67,54,73,45,44,56,67,15,44,53,38,64,29,31,30,31,47,62,42,60,39,25,52,52,57,62,60,20,10,6,16,33,68,49,18,9,9,38,30,33,45,54,51,19,35,25,27,51,46,48,55,77,57,20,44,77,15,4,21,67,37,45,47,37,43,77,25,72,47,64,29,45,25,43,65,39,37,55,28,43,25,41,41,13,45,38,54,62,48,45,51,22,71,24,50,68,19,49,54,40,34,10,29,12,33,1,2,15,29,1,1,52,0,22,51,20,11,18,68,77,19,39,35,19,23,22,56,37,52,54,42,58,64,46,72,56,48,44,38,63,18,72,63,40,0,23,29,20,66,19,53,64,34,42,41,58,5,60,52,51,22,18,56,0,40,100,58,9,19,14,0,20,17,24,61,18,26,12,15,24,12,34,42,14,0,46,0,20,79,0,25,19,73,41,0,30,0,62,22,14,45,23,0,45,34,60,0,0,0,0,0,0,47,43,61,30,28,76,56,58,13,14,25,62,30,53,63,100,24,28,33,45,37,43,48,32,58,43,5,54,77,12,36,21,17,4,20,8,48,18,29,27,26,27,30,35,60,43,49,33,72,43,57,66,73,51,36,41,50,22,78,27,41,12,19,20,27,35,17,32,36,24,13,21,41,21,23,37,47,5,55,59,41,26,53,52,50,53,52,41,48,14,55,42,39,58,59,47,47,73,66,53,54,65,56,58,82,56,55,64,41,40,40,51,65,18,67,37,65,60,72,48,41,60,40,36,49,19,52,36,6,5,37,35,25,39,56,6,46,31,13,14,5,24,17,52,34,30,16,46,16,32,24,31,39,28,43,34,35,34,84,60,38,22,100,35,60,25,88,25,31,48,54,53,33,38,45,24,5,16,39,20,13,33,39,57,34,18,68,43,46,0,48,6,3,0,26,26,30,27,62,66,57,0,19,12,63,44,38,47,47,33,41,57,20,52,72,24,42,47,71,29,19,36,14,11,16,30,32,60,26,15,58,34,42,42,37,24,38,36,15,38,28,8,11,24,64,71,57,46,28,46,18,38,48,49,16,14,23,48,32,40,25,26,32,13,34,55,38,29,11,34,56,61,59,20,37,39,23,48,22
Connecticut,False,False,True,False,Conventional & Duty-Bound,Moderate,49.0,204,48.9,24.0,0,Solid Blue,3617176,69021,38.5,34.3,11.5,15.2,13.6,26.8,51,31,43,82,37,62,36,40,40,26,40,9,8,54,50,76,72,75,48,83,22,62,39,63,63,15,38,46,52,7,35,20,70,45,30,86,19,31,19,58,27,19,11,19,19,95,36,45,74,44,30,73,69,27,43,34,38,53,36,39,12,57,72,62,55,83,83,27,63,31,38,46,56,45,7,27,15,19,44,15,19,6,6,34,30,15,20,59,52,25,27,23,28,45,49,60,38,67,74,26,50,83,4,4,10,59,29,31,63,28,26,53,32,43,53,59,56,55,27,58,63,49,38,49,22,32,27,39,36,18,41,40,59,37,32,45,61,34,53,6,60,60,90,90,9,68,5,1,11,1,41,1,2,4,4,1,2,25,0,51,47,21,17,29,53,76,18,30,20,12,29,28,55,54,75,71,55,73,69,44,70,61,59,54,54,60,24,64,65,42,0,21,47,16,68,18,50,64,46,9,47,42,0,100,63,73,17,21,49,0,53,0,68,9,14,14,0,24,19,23,64,18,34,13,27,37,10,46,70,0,0,64,74,21,74,0,27,23,69,76,100,35,0,83,20,17,52,21,84,34,2,100,14,100,0,0,0,0,38,43,44,25,20,66,42,53,5,9,21,53,29,50,36,35,26,35,38,42,31,15,35,47,29,40,3,53,19,12,4,7,15,5,12,7,27,11,26,29,2,21,57,27,60,37,18,29,41,35,20,54,47,39,30,32,58,34,46,37,45,10,9,22,31,38,13,27,29,17,15,14,41,26,23,36,40,4,52,57,38,21,51,48,54,42,44,37,44,20,53,43,44,55,52,39,33,59,44,47,47,70,52,52,58,49,51,71,39,45,39,45,46,19,52,26,43,78,60,62,44,50,76,11,69,33,56,33,3,2,3,11,28,23,38,5,40,36,12,15,10,23,17,42,33,34,15,32,7,21,13,56,16,18,30,22,34,30,53,18,56,31,23,8,48,14,25,31,17,15,12,41,26,45,25,23,12,11,18,23,12,11,23,36,12,8,31,36,44,0,47,5,28,0,24,12,32,22,15,20,32,0,18,11,39,34,28,46,44,43,44,43,22,49,64,22,28,34,38,31,20,32,14,11,16,24,21,39,21,17,41,33,36,47,33,18,42,23,13,30,18,7,9,18,57,50,34,38,22,36,18,54,42,41,14,13,22,35,25,24,25,29,37,8,8,54,36,31,8,37,50,58,42,16,30,0,21,53,20
Delaware,False,False,True,False,Conventional & Duty-Bound,Low,55.3,201,41.5,31.2,0,Solid Blue,1031890,69021,38.5,34.3,11.5,15.2,13.6,26.8,30,38,47,66,20,55,28,36,35,14,35,20,10,55,43,85,90,87,45,76,28,44,39,61,46,12,62,42,52,9,35,22,56,31,27,74,12,34,24,30,29,1,12,22,13,91,44,38,67,50,32,64,78,46,60,21,40,73,29,32,12,33,39,52,43,76,63,23,84,34,43,50,70,25,11,12,14,32,72,24,85,13,6,48,23,14,23,68,66,27,20,35,22,42,77,61,43,71,74,25,57,70,0,100,13,51,35,100,57,28,61,63,60,53,42,59,45,44,28,51,57,71,33,47,46,32,25,45,45,12,49,43,67,45,65,39,59,44,72,15,33,63,72,83,26,74,5,2,10,1,51,4,3,4,5,5,100,40,0,32,36,21,19,19,61,61,15,31,19,11,26,22,0,53,84,100,66,78,70,55,0,60,77,52,48,61,26,65,59,34,0,22,53,17,64,22,62,60,44,0,0,0,0,97,0,0,0,1,37,0,100,0,0,11,22,16,0,16,24,23,85,27,22,10,0,31,0,0,0,0,0,89,0,19,0,0,19,25,67,0,0,0,0,93,20,15,46,23,0,57,0,0,0,0,0,0,0,0,37,40,94,37,20,55,32,59,6,7,27,68,38,34,30,32,28,34,25,42,29,15,38,86,31,32,3,56,13,7,9,6,11,5,13,10,22,9,37,25,4,20,38,32,57,42,16,33,56,51,33,32,38,53,33,33,51,31,72,33,50,7,15,26,26,28,13,29,63,20,12,15,36,25,26,52,100,4,49,46,100,62,44,45,67,40,43,38,44,16,51,39,44,52,53,50,37,69,48,51,49,65,55,52,61,43,56,61,37,47,43,54,47,20,55,27,54,84,58,50,44,56,69,11,39,20,56,33,2,0,0,9,26,26,50,5,59,56,15,13,6,26,17,37,31,33,11,45,16,26,16,54,17,13,41,31,32,30,29,13,49,41,21,6,48,19,0,42,18,20,13,49,55,53,19,21,89,6,20,20,11,6,0,25,8,9,39,32,61,0,60,5,16,0,22,0,39,22,14,0,0,0,11,0,3,23,25,34,47,30,38,50,22,43,62,21,28,32,28,37,21,25,11,11,17,24,24,47,19,22,54,26,35,0,30,17,39,23,17,27,15,9,14,0,59,49,40,40,21,37,15,43,40,49,0,0,19,35,0,27,24,41,67,11,0,61,31,25,8,40,51,61,31,16,34,0,17,40,18
Florida,True,True,True,True,Friendly & Conventional,Moderate,70.7,237,29.8,35.8,3,Solid Red,22610726,69021,38.5,34.3,11.5,15.2,13.6,26.8,28,42,41,69,18,66,36,56,34,16,24,13,7,51,54,78,66,62,47,78,39,41,27,95,69,20,42,54,35,8,37,19,61,43,34,21,11,32,19,27,26,7,15,15,14,62,56,64,65,54,30,57,77,44,47,27,37,52,46,50,44,29,40,52,47,70,56,37,79,45,47,42,69,23,16,10,17,22,66,31,24,10,24,100,27,20,26,58,57,27,27,19,31,44,33,51,49,62,58,23,39,67,9,5,10,54,37,56,45,33,45,47,36,62,30,61,41,52,29,52,94,67,40,50,45,40,29,38,40,12,42,37,61,51,62,48,66,35,69,32,45,68,54,80,45,65,7,19,16,21,46,27,8,9,13,1,34,56,19,30,44,24,25,21,42,73,15,42,21,14,29,40,52,43,62,58,42,57,73,42,54,40,59,46,44,53,20,52,63,38,0,21,28,14,67,15,53,44,33,16,40,50,46,51,48,67,12,19,47,0,41,45,55,13,21,17,0,20,18,20,56,39,23,14,22,34,12,44,85,8,71,47,40,20,83,41,22,21,67,29,26,23,35,82,18,15,37,21,42,28,31,48,0,28,0,0,0,0,42,39,39,22,16,47,37,51,5,7,77,57,42,45,51,49,31,100,30,43,33,14,41,56,61,23,4,85,11,9,6,8,11,100,37,24,24,9,25,23,3,20,27,29,95,55,26,30,27,34,31,24,33,34,29,29,53,32,34,30,42,4,19,45,30,35,11,28,15,25,11,23,38,29,31,79,78,6,55,47,59,24,52,54,68,38,52,42,39,14,45,43,41,51,62,43,38,80,55,43,100,58,54,57,59,44,53,58,40,38,43,60,65,62,68,39,97,49,61,73,59,84,36,11,39,47,53,35,2,2,4,9,16,49,34,6,100,100,12,13,5,27,24,100,41,44,18,66,49,100,15,48,19,14,43,24,69,32,45,10,91,100,37,5,40,24,21,97,21,36,11,34,23,61,9,78,10,4,17,20,11,8,23,35,8,8,28,43,37,29,58,12,3,100,17,14,33,18,19,10,12,39,21,18,92,32,21,21,37,30,37,48,20,44,60,24,31,33,41,30,19,26,14,14,21,26,20,37,21,17,36,22,31,26,34,18,36,27,15,34,14,9,11,16,46,49,37,50,27,38,18,32,44,35,14,14,20,47,29,26,26,31,30,17,6,50,31,26,8,39,45,50,34,17,22,34,18,61,19
Georgia,True,True,True,True,Friendly & Conventional,Moderate,63.5,218,33.5,41.3,0,Swing State,11029227,69021,38.5,34.3,11.5,15.2,13.6,26.8,32,61,47,72,11,53,35,41,31,15,25,7,8,48,45,83,54,49,18,70,71,43,40,61,58,15,52,34,46,7,33,18,55,32,24,23,11,41,27,24,22,5,12,20,9,52,64,40,75,69,34,53,69,40,59,32,39,56,26,30,14,25,29,55,59,58,50,24,64,42,46,33,58,13,15,6,15,56,72,23,18,10,14,36,19,21,24,53,60,16,24,18,29,51,42,50,53,67,56,19,51,64,7,4,9,45,59,69,43,51,90,39,74,59,27,57,24,45,22,35,60,74,35,59,66,36,26,43,49,11,46,36,60,58,100,57,73,43,64,43,58,65,57,77,53,58,8,23,25,10,41,100,23,9,22,1,4,69,0,74,33,19,15,15,55,47,18,45,22,13,24,24,43,41,72,72,49,62,77,39,50,50,61,51,48,67,22,72,70,38,0,18,31,15,62,19,50,39,34,14,40,66,57,51,47,91,13,20,48,0,62,89,56,13,18,14,59,24,19,17,55,100,23,14,27,36,13,47,100,7,0,52,40,17,56,38,19,19,51,20,0,16,0,97,15,14,35,20,28,35,26,63,0,2,0,0,0,0,38,38,39,40,16,54,44,52,5,6,40,73,35,64,33,48,24,38,27,41,31,19,36,67,60,22,3,83,12,10,7,8,11,5,15,8,25,9,27,40,5,29,30,32,69,45,29,59,37,28,21,34,36,46,36,30,49,29,56,31,42,5,18,28,30,25,13,27,20,22,11,15,33,19,22,47,56,4,48,47,44,28,51,62,90,35,45,43,44,16,48,44,39,44,51,43,40,67,68,46,59,66,51,63,59,45,47,52,38,34,49,57,54,21,58,38,55,55,58,43,33,52,59,11,63,24,53,34,5,2,4,12,17,22,32,4,46,31,7,9,4,19,16,46,51,30,14,41,40,51,15,52,17,16,30,33,34,31,40,13,41,38,17,8,35,16,32,80,17,22,13,38,31,62,25,37,6,4,20,20,10,9,19,48,9,8,32,35,43,0,77,4,3,0,21,13,25,26,23,7,12,0,12,10,47,25,25,23,43,30,38,49,22,40,81,26,29,39,39,31,21,25,16,13,17,30,22,33,20,15,47,25,33,37,36,18,37,26,16,33,13,7,11,19,44,50,35,51,21,34,20,38,39,36,11,16,18,32,24,24,21,35,54,11,5,48,31,26,6,38,40,52,30,17,31,45,18,46,17
Hawaii,False,False,True,False,Relaxed & Creative,High,70.0,240,54.2,23.0,2,Solid Blue,1435138,69021,38.5,34.3,11.5,15.2,13.6,26.8,24,35,40,50,10,71,29,50,49,15,48,100,8,62,70,82,80,64,24,74,28,34,30,62,47,11,12,97,31,27,44,32,42,64,51,7,13,18,23,28,36,0,9,16,34,47,49,100,83,54,100,53,84,35,48,100,56,47,35,31,14,25,16,87,52,67,29,20,100,83,48,30,100,40,8,9,12,16,31,28,17,8,9,29,23,14,22,37,70,100,42,15,19,56,27,38,42,63,46,15,31,41,5,4,16,49,30,38,42,20,19,54,32,81,67,57,21,46,20,74,55,30,42,37,29,48,58,35,36,12,43,35,99,72,33,25,69,34,64,43,64,16,18,6,89,23,11,2,34,1,71,1,1,84,4,0,1,16,0,16,100,31,100,25,30,100,36,74,23,11,26,29,0,43,68,52,41,54,77,44,0,97,100,44,23,79,18,52,90,26,0,17,0,100,67,34,3,73,52,22,100,38,0,51,0,0,0,14,63,0,5,0,0,10,15,13,0,17,23,22,65,12,24,16,0,26,21,64,0,0,0,52,0,16,0,0,21,19,74,0,0,0,0,82,26,12,33,19,0,0,0,0,0,0,0,0,0,0,33,39,39,15,14,37,23,37,5,6,17,61,100,39,25,28,41,74,100,60,30,9,23,26,24,20,3,46,13,5,6,9,14,4,14,7,16,9,23,12,2,15,19,26,43,43,12,14,12,25,36,0,12,51,22,25,28,24,18,14,32,7,11,100,44,32,18,22,24,16,79,21,71,40,50,75,58,100,76,78,90,28,63,36,52,35,34,35,42,100,48,37,41,55,53,73,33,61,100,51,72,95,56,79,69,41,58,48,39,43,29,10,92,16,83,7,11,48,75,84,59,66,21,10,41,17,49,27,2,0,3,13,15,27,33,4,34,84,9,14,4,62,100,78,81,53,100,29,0,23,16,19,19,23,46,23,53,45,64,11,36,54,53,6,56,11,85,61,21,10,21,32,39,17,11,76,10,5,100,14,5,18,32,49,11,9,21,38,27,0,24,100,0,0,21,0,32,22,23,30,7,0,100,36,57,29,21,20,40,18,40,44,10,33,92,26,57,48,48,15,16,30,11,11,16,20,22,33,39,22,30,40,29,0,26,12,36,24,13,48,20,8,12,10,54,53,41,44,21,39,13,45,30,0,0,0,24,52,0,19,18,21,0,7,12,48,27,29,100,37,45,51,41,15,15,0,23,40,15
Idaho,False,False,False,False,Relaxed & Creative,Low,44.4,206,69.8,58.3,0,Solid Red,1964726,69021,38.5,34.3,11.5,15.2,13.6,26.8,33,49,35,61,20,60,20,40,33,31,54,12,8,36,43,50,77,50,34,82,43,53,24,59,49,10,35,61,40,11,49,21,60,35,43,15,12,25,79,22,31,37,6,10,13,61,69,43,78,47,38,51,70,8,38,25,33,34,29,26,23,20,29,76,46,60,33,28,55,43,60,84,81,45,7,3,13,22,54,81,13,8,10,36,32,27,49,49,58,15,55,16,16,52,49,40,78,92,65,25,61,73,9,5,29,96,35,29,58,42,47,84,17,92,76,69,26,40,26,28,77,60,34,42,31,43,18,35,58,16,44,44,69,63,40,45,54,11,67,29,53,44,6,43,85,41,39,2,33,8,89,1,1,61,40,1,1,37,0,16,68,15,14,10,39,61,11,35,25,16,25,19,100,44,55,51,40,61,66,63,77,72,61,58,40,71,18,39,56,46,0,22,48,19,41,26,64,87,33,49,0,62,0,44,4,0,0,20,59,0,4,0,0,8,19,16,0,18,20,25,79,13,22,14,0,29,16,50,0,0,0,60,0,0,0,0,21,18,94,0,0,0,0,79,17,16,44,24,0,34,0,0,0,0,0,0,0,0,42,49,62,46,96,60,51,65,11,20,23,95,30,58,45,62,25,25,33,53,39,20,38,41,38,45,6,47,43,12,57,21,24,3,15,9,47,36,39,35,55,30,34,67,49,44,53,24,75,70,65,66,73,90,32,34,40,19,78,28,42,22,30,26,35,35,16,44,57,27,14,22,48,27,25,49,55,6,48,75,41,29,49,58,54,59,53,35,59,16,51,46,39,54,58,48,40,80,87,66,69,64,66,79,88,51,46,53,48,47,43,65,67,21,67,46,86,71,83,57,49,66,52,20,52,91,56,49,11,7,28,37,37,39,99,8,51,30,14,14,10,29,20,55,44,33,21,39,14,31,25,35,41,20,61,59,45,25,73,38,46,43,82,41,43,41,78,33,38,83,51,75,50,64,65,25,24,14,30,18,11,15,25,46,25,11,63,50,74,0,67,8,14,0,28,46,39,39,88,100,44,0,7,9,66,35,34,85,52,29,46,52,14,52,88,24,42,57,73,24,26,37,13,10,15,36,58,60,25,16,79,53,45,36,32,17,37,35,12,36,18,8,9,17,77,87,60,41,29,67,13,34,43,72,20,0,22,45,32,38,18,29,19,9,73,57,38,33,13,42,46,79,78,19,82,0,17,37,13
Illinois,True,True,False,True,Conventional & Duty-Bound,Moderate,51.8,189,32.1,32.4,0,Solid Blue,12549689,69021,38.5,34.3,11.5,15.2,13.6,26.8,43,44,45,70,23,58,28,37,32,18,30,7,9,52,54,79,76,90,42,78,28,68,37,67,52,14,37,52,54,13,29,21,69,52,40,26,16,36,27,26,25,9,13,29,20,87,65,50,65,52,41,59,77,19,47,22,35,57,27,27,100,40,34,71,50,68,66,43,68,46,45,53,67,13,11,6,100,25,54,49,13,9,7,31,24,40,28,52,46,20,28,19,54,51,66,64,55,78,59,17,39,67,8,3,11,50,38,56,55,30,31,55,29,55,46,52,37,57,28,41,68,35,36,64,33,33,31,40,40,13,43,40,81,63,43,44,69,41,58,23,66,76,62,69,58,37,7,2,26,36,39,3,2,21,7,1,1,37,100,29,40,21,14,22,55,51,19,42,37,24,24,27,59,47,68,66,49,68,73,52,66,64,61,49,42,61,22,61,62,47,0,22,49,16,76,22,54,49,42,31,57,54,44,63,63,67,14,22,45,6,79,56,47,9,18,15,0,23,18,19,53,20,24,14,24,31,12,46,80,11,0,61,47,20,60,38,22,20,70,33,0,19,0,77,18,16,42,20,37,43,40,59,0,42,0,0,0,0,36,41,45,35,18,57,45,58,7,8,27,55,31,46,79,36,23,32,28,47,35,15,43,56,33,39,5,62,12,8,34,8,15,4,14,8,19,10,28,29,3,23,27,38,64,40,16,20,36,34,23,34,42,45,31,44,44,49,54,31,45,12,11,18,25,30,12,26,35,19,11,16,33,17,18,38,50,3,48,47,36,20,59,51,68,39,46,46,43,14,53,46,38,49,46,42,37,68,64,50,58,65,48,54,68,42,54,68,41,38,43,48,57,24,54,30,49,69,56,56,41,49,71,14,54,21,57,37,3,2,4,9,24,18,36,4,41,36,9,10,6,19,14,37,25,32,14,32,15,18,16,48,16,15,26,25,37,36,41,11,56,29,16,5,41,13,20,29,18,16,14,39,23,46,13,16,3,11,20,20,11,12,21,50,10,8,35,29,37,0,33,3,2,0,19,40,26,20,16,10,14,0,13,10,40,24,29,33,43,30,37,54,28,46,65,26,33,36,38,29,17,33,15,11,16,26,25,45,19,14,49,25,39,37,37,20,41,27,15,27,14,7,11,25,59,59,40,44,23,35,21,39,52,40,14,47,20,36,24,27,26,35,34,11,9,51,30,28,8,38,51,58,35,16,38,31,18,44,17
Indiana,True,False,False,True,Friendly & Conventional,Low,51.7,186,42.5,44.2,1,Solid Red,6862199,69021,38.5,34.3,11.5,15.2,13.6,26.8,68,60,44,59,17,58,24,32,34,14,25,6,13,41,45,77,73,53,25,73,54,76,55,43,51,11,70,45,59,14,27,22,59,46,25,23,11,34,39,21,24,6,8,13,10,75,60,27,61,48,29,45,83,15,45,18,36,54,21,16,89,19,20,60,40,63,58,21,66,36,47,74,76,13,8,4,22,25,62,95,14,10,7,32,26,20,28,60,52,13,22,16,23,48,72,53,69,88,89,18,49,77,11,4,15,54,44,50,55,38,51,69,27,78,37,58,26,42,22,24,48,50,32,65,53,28,20,40,45,15,42,48,82,86,56,63,84,32,62,52,76,58,38,60,60,52,6,2,23,41,50,15,2,9,8,2,11,65,1,23,38,18,12,14,44,42,16,27,22,14,20,18,45,47,69,76,47,79,82,64,84,58,63,48,49,86,20,63,62,44,0,23,50,17,80,33,46,64,36,23,36,61,6,64,83,61,17,19,54,0,63,72,61,9,20,14,0,24,18,16,57,19,21,14,22,35,11,48,86,13,0,54,44,12,42,75,18,18,60,0,0,11,100,79,13,16,36,21,58,89,60,56,9,0,0,0,0,0,38,42,42,42,23,53,45,62,8,9,31,72,39,51,51,35,27,34,27,46,35,17,62,68,36,38,4,62,16,15,9,7,15,4,12,8,19,11,27,38,6,25,27,40,59,45,20,34,46,41,28,45,50,49,31,34,44,49,65,35,44,9,14,23,29,35,13,35,50,19,11,17,38,22,20,42,52,4,47,55,39,24,48,53,79,45,51,44,57,16,48,45,49,60,53,39,40,77,66,60,68,72,59,59,81,50,54,59,39,43,46,72,66,19,63,45,78,73,61,49,40,62,80,13,63,27,64,39,2,3,5,10,30,17,34,5,44,25,9,12,5,22,15,49,33,34,16,37,20,28,20,75,21,13,33,36,46,58,32,11,31,27,12,4,38,19,23,32,21,30,13,48,26,51,12,22,3,10,18,17,11,10,11,55,8,5,46,31,54,0,41,3,1,0,20,74,31,24,19,9,11,0,9,7,42,23,34,30,48,28,38,47,29,41,82,20,30,41,55,34,19,35,13,9,12,27,27,52,19,13,57,31,51,31,37,19,40,28,14,31,14,6,10,18,59,63,50,43,25,48,16,42,44,35,15,21,20,30,27,29,26,37,39,10,12,63,40,27,8,39,33,58,37,14,61,0,13,31,12
Iowa,False,False,False,False,Friendly & Conventional,Low,47.8,205,46.2,38.5,0,Solid Red,3207004,69021,38.5,34.3,11.5,15.2,13.6,26.8,99,78,57,62,20,73,20,30,37,16,31,6,11,36,51,59,80,62,28,74,48,84,100,41,62,10,73,56,89,21,28,24,72,38,34,23,12,27,48,21,25,10,7,14,8,77,46,28,61,35,28,47,67,10,41,29,29,45,20,14,27,21,24,53,33,69,38,21,55,32,66,77,57,12,8,5,18,19,62,87,11,10,10,32,30,18,35,62,53,17,23,15,17,43,65,47,63,81,83,16,49,77,27,4,19,65,39,54,55,43,33,72,19,99,48,53,24,41,25,21,49,26,29,51,30,30,18,34,52,14,43,46,76,51,38,34,60,15,56,46,76,35,22,42,45,24,5,3,18,42,45,1,1,5,4,1,1,45,0,23,41,17,15,13,47,36,17,27,25,13,21,19,0,55,65,69,56,75,69,51,89,99,52,43,55,80,27,42,64,63,0,26,66,36,73,45,60,77,85,65,0,61,0,39,90,0,2,31,50,0,2,0,69,8,15,14,0,32,16,16,51,14,21,14,22,34,8,54,0,0,0,45,0,16,69,0,16,18,81,0,0,0,0,63,13,19,29,30,0,47,54,0,0,0,0,0,0,0,39,46,40,51,21,49,52,61,8,8,22,61,32,42,100,37,25,31,26,46,46,27,100,59,61,44,6,59,23,22,18,10,17,4,15,9,20,12,27,30,12,21,39,34,43,36,24,34,77,48,28,47,66,55,29,46,44,43,60,38,46,43,15,22,27,28,13,36,57,20,12,14,39,18,22,43,46,4,42,50,31,22,49,46,65,44,46,48,47,12,56,42,38,59,49,39,35,69,57,56,52,52,56,68,69,47,50,63,39,44,36,53,52,18,52,38,70,71,63,47,41,53,68,20,58,22,64,35,10,4,7,11,23,16,49,5,36,28,10,10,9,26,15,35,33,36,15,30,14,28,21,59,21,14,40,50,35,40,30,11,46,36,16,6,37,18,22,22,19,28,15,63,33,64,26,25,2,32,21,15,11,9,15,45,8,6,67,33,47,0,35,3,0,0,22,77,33,24,25,14,23,0,7,5,43,28,35,31,50,24,41,55,48,40,67,22,32,46,57,25,18,36,12,8,12,27,47,51,18,12,76,38,54,24,42,17,36,26,15,35,13,6,8,15,59,63,47,39,21,46,16,51,48,60,15,0,19,32,21,35,31,34,40,10,10,59,32,25,8,40,30,56,46,17,81,70,14,28,13
Kansas,False,False,False,False,Friendly & Conventional,Low,54.3,230,44.1,42.8,0,Solid Red,2940546,69021,38.5,34.3,11.5,15.2,13.6,26.8,60,49,54,85,17,69,31,37,45,26,28,12,10,55,69,56,70,51,25,69,34,52,26,76,50,22,47,54,75,18,52,45,73,45,36,22,19,53,41,47,45,10,13,28,17,71,75,55,63,64,64,69,76,14,78,38,66,77,55,47,31,46,18,81,57,65,46,52,70,43,64,68,66,15,10,4,38,23,60,67,13,11,6,35,26,65,73,67,51,12,52,57,42,82,44,49,65,70,64,59,40,68,21,4,18,68,54,61,68,46,41,61,24,79,48,60,60,70,48,49,51,29,60,58,40,53,51,40,52,14,48,45,69,68,40,40,54,24,43,58,68,64,18,42,44,39,8,15,55,16,37,3,3,8,6,2,2,39,0,24,47,49,13,63,44,41,58,76,70,64,51,54,34,47,62,61,44,71,69,57,90,67,48,55,47,66,26,56,68,51,0,21,61,23,59,29,48,58,42,49,0,35,0,53,50,0,1,18,54,0,45,0,35,15,23,22,0,24,23,54,60,44,45,13,19,25,15,38,0,0,0,43,0,16,0,0,19,19,65,0,0,0,0,72,22,34,45,29,0,58,53,0,0,0,0,0,0,0,45,48,44,40,21,61,51,54,9,8,32,58,36,55,55,63,30,38,41,57,38,22,56,60,52,42,4,70,27,17,17,12,18,5,14,19,29,13,29,40,12,28,35,36,70,56,38,47,75,46,49,39,56,60,35,42,50,38,62,100,48,17,22,28,34,32,19,32,41,19,22,21,52,19,21,43,52,5,64,61,43,25,62,57,62,50,65,49,56,21,56,51,59,63,61,43,42,67,67,63,50,67,67,63,70,62,55,66,44,46,54,54,67,23,90,52,76,62,64,58,47,65,48,28,47,31,67,38,4,4,7,15,28,19,42,8,38,31,10,13,6,28,18,49,36,43,16,57,31,37,19,67,37,34,42,41,41,52,46,44,47,35,37,8,60,21,37,23,24,34,26,68,42,57,23,30,5,10,33,51,48,18,40,59,15,17,72,40,53,0,49,7,6,0,35,43,53,29,40,18,11,0,22,100,64,45,41,41,61,29,48,50,30,57,99,53,46,58,65,27,23,42,50,20,15,38,40,56,29,25,79,42,100,37,54,48,62,44,26,43,28,7,11,29,74,86,49,61,28,59,61,44,52,61,16,12,60,56,31,36,34,36,73,13,17,72,46,36,15,46,48,100,50,29,47,0,29,38,43
Kentucky,False,False,False,True,Friendly & Conventional,Low,55.6,189,43.5,42.4,1,Solid Red,4526154,69021,38.5,34.3,11.5,15.2,13.6,26.8,100,57,47,58,12,56,23,32,35,13,24,6,100,42,51,65,62,45,19,68,42,68,31,51,57,10,69,56,42,16,26,21,55,36,20,21,9,40,58,18,26,8,8,13,7,61,36,28,66,60,30,51,83,17,51,15,36,69,20,20,27,22,17,53,38,59,52,20,68,31,49,58,65,11,12,4,18,28,64,55,15,11,7,37,24,16,24,68,51,15,19,19,24,40,56,56,73,100,84,19,48,70,8,6,14,53,90,76,54,60,71,60,29,84,34,59,26,36,23,28,47,77,28,55,65,25,19,42,59,12,46,54,93,100,59,82,79,29,70,49,78,48,30,64,36,43,8,4,32,16,39,38,6,14,4,2,12,89,0,25,39,16,10,13,42,39,14,29,21,13,24,19,43,54,78,77,60,72,70,53,63,52,53,54,47,90,20,62,63,42,0,21,29,17,57,28,47,47,37,22,31,82,0,72,83,46,15,25,59,0,50,0,62,9,19,14,0,25,19,18,62,26,20,12,24,24,10,50,66,0,0,49,0,14,58,0,17,14,63,0,0,0,0,100,11,16,29,19,0,52,43,0,0,0,0,0,0,0,45,48,43,58,25,53,52,55,6,7,34,76,37,48,38,36,25,35,26,51,40,36,58,78,47,58,3,61,18,15,14,8,13,5,15,10,23,13,27,29,9,23,30,36,58,38,32,77,61,39,32,37,40,49,35,43,45,75,81,33,51,7,19,24,32,30,10,33,39,22,11,15,38,21,22,51,52,4,46,56,39,24,50,58,97,44,51,42,54,17,52,48,44,62,59,38,38,73,53,56,58,82,65,66,87,59,56,59,44,45,44,75,66,19,64,51,86,68,69,57,46,60,75,12,61,31,61,41,2,2,5,12,18,15,40,5,36,26,8,11,4,21,17,52,39,32,17,45,38,38,21,74,20,16,39,48,56,56,36,11,36,30,13,6,39,16,28,46,22,30,14,38,28,80,16,32,2,5,17,19,11,7,13,66,8,6,41,34,58,0,46,3,0,0,20,33,33,33,24,8,9,0,5,3,34,23,27,25,48,27,41,43,26,41,79,24,26,46,55,32,21,33,15,10,12,33,34,46,20,15,60,34,47,19,37,17,40,24,16,32,11,6,11,22,63,72,45,44,22,50,16,49,46,44,12,16,21,34,20,32,24,41,56,8,12,71,43,25,7,46,25,54,36,14,85,76,13,33,15
Louisiana,True,False,True,True,Friendly & Conventional,Low,66.4,216,28.4,38.0,0,Solid Red,4573749,69021,38.5,34.3,11.5,15.2,13.6,26.8,35,60,72,45,9,45,28,33,29,14,21,7,7,50,51,79,65,39,16,62,51,37,39,42,44,11,27,47,45,8,36,49,76,26,21,13,11,44,31,18,25,8,10,14,9,62,52,48,79,64,33,49,69,100,92,40,35,67,25,18,11,27,15,46,44,55,52,31,56,29,57,39,76,7,100,4,15,45,69,21,27,74,100,32,19,30,28,72,77,14,20,17,41,48,57,40,70,66,50,21,33,61,30,3,13,43,80,62,37,69,82,31,71,62,27,56,27,34,19,29,60,41,37,52,55,27,21,41,45,9,47,39,67,69,66,53,86,100,100,66,79,39,13,34,39,55,6,36,60,1,100,13,7,13,7,1,1,62,0,36,36,20,13,18,30,50,14,29,23,13,25,21,48,40,72,73,55,70,70,43,46,49,49,45,47,73,23,72,61,33,0,15,36,16,68,19,41,38,32,20,36,86,0,44,36,52,17,15,57,0,46,0,50,11,17,15,0,23,18,18,46,71,19,13,22,40,12,47,77,0,0,58,0,12,0,0,16,16,61,0,0,0,0,79,14,16,31,20,100,39,0,0,0,0,0,0,0,0,36,39,39,54,16,56,41,52,4,5,100,63,42,40,27,35,24,32,24,48,27,12,39,79,58,25,3,63,13,10,7,7,12,4,100,10,20,9,21,29,8,34,28,39,66,48,25,45,59,37,23,26,30,35,37,32,50,29,59,29,40,5,18,21,25,28,8,24,21,96,11,13,31,19,21,58,47,4,41,44,42,21,88,71,82,35,46,38,53,14,47,45,44,50,50,37,35,58,46,37,41,67,60,57,54,55,46,54,39,42,42,65,54,45,50,41,60,50,60,50,40,53,38,11,42,23,59,34,2,2,5,10,15,14,27,5,44,73,10,10,7,19,17,37,28,92,13,54,72,56,15,79,16,13,41,53,31,41,26,11,44,34,10,5,40,22,29,100,18,22,9,34,26,73,16,27,40,5,16,19,11,7,11,39,8,7,27,36,39,0,68,5,0,0,18,11,26,22,26,0,12,0,7,10,37,25,21,16,43,28,34,41,28,43,66,26,24,43,36,28,23,26,16,12,14,42,23,39,22,18,49,29,38,23,32,17,31,21,15,35,12,7,12,15,54,49,31,41,17,33,19,41,35,48,15,15,21,30,25,24,27,30,42,6,8,52,32,24,6,41,47,50,27,14,28,0,14,35,17
Maine,False,False,True,False,Conventional & Duty-Bound,Low,41.0,192,81.5,34.6,1,Solid Blue,1395722,69021,38.5,34.3,11.5,15.2,13.6,26.8,26,23,37,62,47,59,23,28,35,40,44,14,8,29,59,67,75,74,68,72,20,46,32,67,48,10,70,48,45,4,35,23,47,44,33,67,13,14,43,38,29,72,7,14,8,72,27,25,64,49,25,64,71,37,40,15,38,45,38,16,10,29,43,69,43,86,81,16,49,29,43,96,61,70,7,100,12,22,30,29,26,11,4,45,78,10,25,64,35,21,52,19,22,56,58,68,46,84,93,36,100,99,5,6,13,61,38,24,81,48,31,96,24,70,76,61,58,51,24,55,42,35,31,47,24,42,18,38,46,41,45,58,64,35,20,34,57,15,49,23,66,39,80,46,11,62,3,1,0,1,17,1,1,3,2,1,1,20,0,12,77,20,13,22,35,78,14,25,17,8,27,15,0,52,65,49,46,59,63,59,0,58,76,77,51,66,20,48,51,45,0,25,43,15,85,35,42,88,43,0,0,73,0,57,6,0,49,24,88,0,0,0,0,7,12,16,0,28,17,22,61,14,24,12,0,24,0,0,0,0,0,35,0,25,0,0,24,14,89,0,0,0,0,81,22,17,60,27,0,54,0,0,0,0,0,0,0,0,47,53,57,80,25,57,48,64,6,60,23,42,33,56,40,32,26,38,58,60,52,19,49,59,32,74,5,49,22,15,7,8,55,5,13,7,95,15,33,77,7,26,53,36,45,41,31,26,57,63,36,66,73,70,28,45,71,29,98,62,50,11,14,24,31,39,17,57,67,18,26,19,48,42,28,47,50,5,50,83,49,21,45,45,61,52,48,31,47,16,50,37,39,51,56,47,34,78,35,49,52,68,62,57,73,49,66,56,51,47,42,56,59,18,54,29,55,74,89,59,46,67,76,10,88,55,61,31,100,4,5,14,58,39,76,8,67,47,24,89,47,36,18,67,45,35,21,31,17,25,23,100,28,25,58,66,64,71,54,28,77,46,42,21,79,21,35,35,26,33,24,67,32,83,54,43,8,61,27,19,13,13,0,42,19,9,99,34,95,0,47,6,63,0,36,0,69,46,32,23,93,0,18,16,41,44,53,90,58,39,49,61,19,50,67,21,35,59,80,34,25,40,11,9,11,26,46,77,29,14,76,63,62,41,29,17,40,24,13,27,18,4,7,20,88,73,62,36,21,63,11,53,48,82,0,0,25,39,0,47,34,29,100,0,17,60,42,26,13,43,37,63,54,17,84,0,19,32,17
Maryland,False,False,True,True,Conventional & Duty-Bound,Moderate,54.2,202,34.9,30.1,0,Solid Blue,6180253,69021,38.5,34.3,11.5,15.2,13.6,26.8,31,37,38,83,19,44,31,33,36,18,35,10,9,58,42,82,86,62,37,69,25,48,38,70,37,14,36,45,48,8,28,21,60,39,27,97,16,31,23,32,30,8,13,18,12,66,41,50,61,48,36,58,66,54,57,46,41,58,30,27,12,46,49,61,56,65,61,23,79,36,45,40,76,15,10,8,15,25,44,18,100,10,9,34,25,14,23,61,56,23,25,21,34,39,44,47,38,64,56,17,47,78,6,27,10,44,38,74,51,27,34,53,59,51,37,57,30,50,25,41,45,56,35,54,41,36,25,38,35,12,47,37,64,43,68,37,68,52,72,29,60,92,70,99,42,100,4,2,18,1,39,12,4,4,3,20,25,42,0,54,39,21,16,16,85,64,21,43,19,12,23,22,58,44,76,77,52,63,69,51,65,63,57,97,47,62,22,63,69,40,0,21,39,26,71,16,46,50,40,10,53,57,0,62,46,76,19,17,45,0,74,0,100,10,18,13,0,24,21,24,78,31,22,14,22,35,9,47,71,8,0,62,44,20,60,52,22,21,59,38,0,28,0,76,19,14,49,25,0,32,44,55,0,0,0,0,0,0,35,41,39,31,17,57,32,49,5,9,30,62,39,46,41,34,24,36,26,38,27,14,34,39,28,27,3,73,11,8,9,7,12,4,13,8,21,9,33,29,3,25,28,26,59,38,15,35,42,32,29,31,34,40,64,32,48,32,44,27,49,5,11,19,24,38,12,25,36,25,10,15,35,20,20,49,46,4,59,46,62,40,46,50,68,36,40,40,43,16,53,39,42,55,49,49,36,61,55,52,51,68,51,57,58,46,54,67,34,38,43,48,50,19,52,31,57,77,50,51,37,48,62,10,48,22,52,35,2,2,3,11,17,23,41,6,54,30,11,13,5,20,16,43,28,27,15,31,16,23,14,47,16,15,29,25,30,28,40,12,40,34,21,5,48,14,18,46,15,18,13,42,25,37,16,19,58,5,22,20,11,20,19,44,10,7,23,30,40,0,54,4,5,0,21,14,29,31,20,9,7,0,15,9,29,25,31,34,46,30,38,46,26,41,64,22,30,35,44,35,16,29,14,11,14,26,20,54,20,15,43,26,38,35,37,17,42,36,16,30,17,7,12,18,53,60,31,45,21,37,21,39,41,56,44,18,19,35,21,26,19,28,29,13,8,50,31,28,7,38,51,86,31,16,28,35,17,49,20
Massachusetts,True,False,True,False,Conventional & Duty-Bound,High,47.9,201,41.9,23.6,0,Solid Blue,7001399,69021,38.5,34.3,11.5,15.2,13.6,26.8,26,30,44,87,50,61,34,39,37,31,42,12,7,52,56,90,72,75,75,86,25,55,27,67,56,16,26,46,48,7,39,25,73,100,41,73,21,31,23,64,28,30,13,28,13,82,31,38,58,44,36,69,65,33,45,31,45,52,32,33,13,41,49,56,42,83,89,23,65,37,37,53,51,67,6,45,13,17,23,13,16,7,6,34,42,12,21,47,41,22,35,23,34,41,24,51,33,59,62,25,60,77,3,4,9,54,25,26,59,27,21,56,20,49,48,59,62,62,27,43,69,37,39,49,19,37,28,38,30,20,42,38,53,35,32,44,55,18,59,8,47,64,97,68,13,72,4,1,15,1,39,1,1,3,3,1,2,21,0,18,47,21,20,34,60,68,23,34,18,11,27,27,32,49,59,57,46,70,72,47,52,54,66,49,46,51,24,45,66,42,0,24,31,19,65,16,43,67,41,10,39,34,0,54,55,67,21,20,56,0,42,72,45,10,21,14,0,23,19,22,61,14,29,14,16,28,11,54,78,11,0,47,55,29,100,49,23,24,65,89,51,31,0,85,24,15,56,24,48,40,43,64,0,0,0,0,0,0,34,38,40,23,18,54,37,50,5,10,23,47,29,50,35,42,27,37,45,39,33,16,34,43,28,41,4,52,13,10,4,7,16,4,13,9,25,9,29,25,2,18,63,26,52,40,16,21,37,36,22,55,49,41,29,33,51,33,52,35,46,21,11,19,27,30,13,40,33,18,18,18,40,26,20,39,40,4,56,57,48,21,49,45,50,41,48,43,42,33,54,41,41,52,51,45,53,67,37,48,53,68,49,59,60,50,56,63,37,39,38,42,44,15,54,23,41,77,60,51,42,51,69,11,63,29,55,31,3,3,3,11,100,27,49,6,51,34,18,18,33,26,20,43,29,30,17,30,8,15,15,53,18,19,28,23,40,38,59,19,73,32,23,7,59,14,20,25,16,16,15,39,22,42,16,39,6,10,26,19,11,27,27,44,16,10,35,34,44,0,37,5,29,0,27,15,49,21,18,16,29,100,18,16,35,31,34,58,46,42,41,49,31,48,65,22,36,38,39,24,16,29,14,12,15,27,20,48,22,16,48,31,37,46,37,18,45,32,15,28,19,7,10,23,54,52,42,42,21,39,23,55,39,56,16,19,22,45,31,22,27,25,35,8,10,52,37,32,10,40,45,55,38,18,32,0,26,51,24
Michigan,True,False,False,False,Conventional & Duty-Bound,Moderate,44.4,170,41.2,36.1,1,Swing State,10037261,69021,38.5,34.3,11.5,15.2,13.6,26.8,60,59,40,61,39,72,25,41,30,21,40,8,13,45,45,81,74,59,60,69,39,73,28,39,61,13,52,50,46,11,28,25,72,42,31,32,10,29,42,28,24,19,8,14,12,80,51,39,79,46,29,54,72,14,49,20,34,51,23,15,17,39,32,64,43,70,48,19,65,39,49,71,70,16,12,6,25,32,49,61,13,9,6,36,37,21,29,53,52,12,33,15,100,54,83,57,56,92,80,21,60,81,4,3,15,65,45,33,64,31,54,75,41,72,39,53,46,48,30,32,52,35,36,53,27,37,20,38,51,22,42,46,84,88,40,56,82,28,56,28,75,49,31,83,50,52,5,2,21,38,50,1,4,9,10,13,1,44,0,24,47,17,10,16,61,50,20,31,22,11,19,18,52,47,71,78,49,72,79,66,70,69,60,59,52,81,21,60,71,45,0,26,55,16,81,31,74,64,39,30,59,81,6,69,58,78,22,21,53,0,95,79,64,8,18,13,0,24,19,20,61,22,24,14,24,31,11,53,94,12,0,65,49,20,79,0,20,19,72,30,51,20,0,70,14,15,45,26,54,57,69,59,0,40,0,0,0,0,40,44,49,55,25,58,48,65,6,14,33,55,39,55,61,36,24,31,28,49,41,25,51,52,30,61,5,61,13,12,18,7,38,4,13,8,30,11,30,47,8,26,43,43,59,43,24,23,55,50,29,51,51,42,34,34,53,36,67,43,47,15,14,19,25,28,11,31,61,19,11,17,38,20,19,42,55,4,50,52,36,24,70,50,84,42,54,43,50,15,52,46,40,48,54,46,37,71,64,48,58,57,54,59,74,46,61,72,37,40,44,62,57,16,59,35,66,87,64,49,42,54,80,11,79,26,59,100,3,4,5,11,30,20,43,5,49,29,12,12,11,23,15,43,30,34,16,30,13,22,18,73,22,15,39,43,56,54,36,15,48,51,23,8,47,19,25,35,22,22,19,51,30,53,21,17,3,36,21,18,10,10,17,41,10,7,71,35,77,54,49,5,2,0,23,38,34,26,21,16,29,0,12,8,47,29,31,41,50,29,43,59,29,49,71,20,32,46,53,29,19,37,12,9,12,28,32,54,20,13,61,34,59,27,37,18,39,34,13,33,14,6,10,20,60,65,51,48,22,41,16,41,41,60,20,14,18,36,22,26,27,32,35,8,22,56,34,26,9,40,35,55,45,16,69,43,16,40,17
Minnesota,True,False,False,False,Friendly & Conventional,Moderate,41.2,198,40.5,33.4,1,Lean Blue,5737915,69021,38.5,34.3,11.5,15.2,13.6,26.8,37,40,40,66,100,80,29,50,38,27,45,8,10,39,48,87,86,52,100,71,25,66,53,87,80,11,39,45,67,19,31,20,100,53,37,51,12,24,54,26,26,27,9,18,9,68,42,37,59,39,31,60,65,11,41,38,36,43,26,18,29,25,30,60,40,59,38,19,55,44,53,81,78,15,8,6,19,22,53,56,12,9,7,40,33,15,35,50,56,44,35,21,22,41,63,42,65,88,72,17,52,82,6,3,24,79,32,35,58,37,25,74,24,81,60,66,24,41,23,27,45,23,29,49,27,41,22,40,45,21,40,43,67,59,32,28,62,20,79,24,73,82,25,46,37,41,5,2,15,41,35,1,1,4,3,1,1,21,0,15,53,19,9,15,67,61,17,35,26,12,23,17,46,52,63,74,56,73,69,51,76,98,67,71,51,74,50,100,63,64,0,27,75,80,89,34,61,78,39,94,58,37,0,58,56,68,24,17,53,0,68,91,38,9,20,14,0,38,19,20,63,13,25,13,12,29,13,50,51,13,0,63,50,20,57,0,24,22,79,52,0,18,0,80,19,18,49,25,0,59,41,77,0,0,0,0,0,0,36,49,84,60,25,58,50,67,12,23,23,56,39,51,41,55,24,30,30,48,100,25,42,54,34,35,10,58,20,24,78,10,25,4,36,8,59,14,31,48,14,28,36,39,51,43,18,24,62,60,44,50,78,54,29,89,52,35,76,45,44,41,12,21,30,30,14,43,100,20,13,17,39,20,19,44,42,4,46,61,38,22,52,47,56,44,47,43,48,14,50,42,38,54,55,48,41,76,54,55,52,61,55,60,71,59,48,65,34,42,37,42,53,17,57,29,57,67,55,45,41,52,52,27,60,31,58,32,77,6,9,13,36,24,66,6,64,47,37,14,72,27,16,38,34,34,16,30,11,22,18,75,24,19,62,54,37,85,40,23,78,53,29,9,50,18,21,30,20,28,21,62,40,65,35,23,3,100,21,18,12,70,23,41,17,8,64,45,58,0,39,4,3,0,28,29,30,27,27,25,47,0,15,8,69,51,39,60,50,32,46,68,20,44,66,21,40,54,58,22,20,49,12,9,14,31,46,57,19,14,71,41,53,31,36,20,40,32,15,30,16,6,10,21,66,59,52,43,22,49,15,42,43,50,16,13,22,36,26,26,22,28,37,12,14,54,33,31,10,37,36,60,53,15,80,57,17,36,16
Mississippi,False,False,True,True,Friendly & Conventional,Low,63.4,218,27.2,51.2,0,Solid Red,2939690,69021,38.5,34.3,11.5,15.2,13.6,26.8,41,84,100,44,8,47,27,25,29,11,21,6,7,41,40,83,61,47,17,63,80,34,48,36,40,8,47,38,41,7,28,43,37,25,18,11,8,48,35,15,18,0,7,10,8,60,34,29,79,75,25,43,74,60,58,19,35,63,20,17,14,16,9,49,42,55,43,22,47,24,42,45,76,7,41,4,14,63,73,26,19,100,23,39,16,27,26,58,66,17,17,13,18,51,72,37,74,88,56,20,46,60,33,4,15,35,100,78,39,100,89,31,100,68,30,53,26,34,20,26,56,63,29,56,82,27,16,35,54,8,44,41,66,71,75,74,90,93,94,100,92,34,13,27,25,41,7,30,82,2,55,69,9,7,5,1,1,62,0,47,30,18,15,15,18,31,13,26,20,13,20,19,0,42,87,73,51,65,51,30,73,61,50,42,55,71,20,87,60,42,0,15,42,17,57,24,58,34,26,16,0,65,0,52,60,0,0,19,52,0,58,0,61,10,23,13,0,24,18,15,47,65,17,13,25,38,12,38,0,0,0,70,0,13,0,0,12,11,53,0,0,0,0,88,8,14,27,11,0,50,100,0,0,0,0,0,0,0,37,36,40,68,16,52,47,51,4,5,64,58,49,42,27,31,22,34,24,46,23,13,36,85,48,33,3,74,12,11,7,7,11,5,23,8,21,11,24,42,10,39,31,37,54,39,40,54,55,31,35,26,29,42,36,31,38,25,71,28,50,6,20,24,26,25,9,22,23,45,11,14,35,20,23,58,52,4,33,56,37,19,58,70,100,35,44,38,53,15,40,44,43,49,54,33,43,73,46,42,40,60,59,48,55,61,50,43,36,33,43,64,48,17,50,39,60,49,58,45,28,46,52,11,43,28,62,34,2,3,5,11,12,14,23,5,30,31,90,9,6,20,16,36,34,32,11,54,83,55,18,72,16,11,36,64,38,44,22,10,49,43,10,5,31,18,17,87,17,25,8,29,29,76,18,55,11,5,12,17,11,4,0,33,7,6,33,27,40,0,92,3,0,0,15,0,32,28,30,0,9,0,10,0,33,20,21,16,43,28,36,49,36,35,73,28,20,35,34,25,22,25,15,9,12,36,31,36,22,13,54,26,32,23,28,15,31,21,13,26,9,6,9,13,47,44,31,32,15,38,17,31,36,40,0,16,17,36,0,22,22,32,47,10,6,52,35,23,5,100,24,44,24,16,46,0,11,33,12
Missouri,False,True,False,True,Friendly & Conventional,Low,55.0,206,47.5,42.2,1,Solid Red,6196156,69021,38.5,34.3,11.5,15.2,13.6,26.8,42,45,56,74,24,61,23,37,36,13,22,6,13,43,53,58,72,70,46,75,32,61,32,67,53,11,49,48,56,14,35,24,75,31,24,19,10,32,49,20,29,6,9,14,12,63,41,39,75,62,32,62,79,16,56,19,35,65,22,16,24,21,23,59,43,63,45,20,68,36,69,78,70,15,13,5,18,30,62,77,14,12,8,38,26,19,34,63,52,14,32,17,23,64,56,52,63,81,78,19,53,72,18,4,17,59,48,75,54,53,45,74,37,90,40,58,28,38,24,32,46,37,32,53,48,30,21,39,51,11,44,45,77,82,50,46,64,28,78,51,69,56,19,71,55,43,6,17,52,25,40,5,2,27,4,1,1,59,0,30,40,19,12,16,47,37,14,33,19,12,20,16,41,45,74,68,55,71,64,62,59,62,55,48,47,69,21,57,51,53,0,20,45,17,63,25,51,76,40,66,29,51,0,59,59,66,17,21,50,0,71,89,52,9,18,14,0,27,19,17,67,19,21,12,19,26,12,56,66,0,0,46,37,21,32,0,20,19,68,39,0,12,0,71,14,15,38,23,0,52,54,0,0,0,0,0,0,0,46,46,44,56,20,56,52,72,7,7,35,66,36,52,68,43,26,29,28,50,33,19,50,73,56,42,4,60,25,17,13,8,14,4,14,8,32,14,28,43,11,25,30,41,59,43,25,71,64,42,38,45,46,53,31,41,49,100,76,33,50,15,24,25,31,28,12,34,48,22,11,16,44,22,23,49,56,4,48,56,39,23,63,55,69,46,53,43,59,16,58,47,43,54,64,38,42,83,61,53,54,65,59,68,75,53,57,61,38,42,47,66,66,28,78,48,76,58,62,60,41,58,72,19,49,23,62,34,3,2,8,12,23,16,44,5,34,30,9,10,5,23,17,45,34,34,15,39,48,34,19,75,21,15,37,47,32,45,36,11,52,39,16,8,44,22,27,38,20,29,14,51,30,82,34,31,3,6,20,18,11,8,16,55,9,7,58,37,54,100,54,4,0,0,23,52,38,27,39,9,9,0,6,6,46,25,30,28,50,29,41,48,25,45,76,21,33,48,53,33,21,39,14,10,13,32,43,54,19,15,68,35,50,26,37,20,43,30,16,38,15,7,12,21,63,71,54,45,24,47,16,42,46,42,16,16,21,32,24,31,33,32,77,8,15,61,38,27,9,42,29,63,48,16,65,100,14,33,14
Montana,False,False,False,False,Relaxed & Creative,Low,42.7,205,86.2,52.0,1,Solid Red,1132812,69021,38.5,34.3,11.5,15.2,13.6,26.8,35,58,35,45,28,56,19,30,30,51,53,14,8,29,54,52,96,57,53,81,36,67,34,43,56,9,41,68,56,13,47,22,60,37,35,16,15,19,100,24,35,42,6,10,6,64,44,29,75,47,30,54,76,10,41,23,39,42,24,11,50,25,19,59,41,55,22,15,35,32,65,100,74,36,10,5,14,31,56,84,16,11,6,40,29,17,52,45,56,16,35,17,15,53,56,43,73,99,90,24,70,65,7,5,59,80,41,32,66,57,42,100,16,94,80,55,26,45,25,23,63,47,29,36,29,41,15,41,59,17,42,45,56,62,28,48,34,6,63,42,50,40,6,52,58,63,8,2,14,2,18,1,1,6,32,0,1,22,0,14,73,16,12,11,50,47,14,32,32,11,18,14,0,43,42,53,32,61,31,62,0,72,39,100,33,70,22,37,69,46,0,27,51,15,0,32,0,88,36,43,0,55,0,0,0,0,0,14,55,0,0,0,0,7,0,11,0,18,17,26,76,17,23,12,0,35,0,0,0,0,0,0,0,0,0,0,20,12,91,0,0,0,0,62,14,14,43,25,0,66,0,0,0,0,0,0,0,0,44,48,84,100,24,100,61,84,40,36,22,75,30,68,43,39,22,26,28,55,47,24,39,40,42,54,6,52,100,100,88,53,34,4,18,8,61,100,37,67,93,73,51,58,45,47,100,42,86,70,64,43,100,75,36,100,53,26,70,41,44,35,16,24,33,36,14,64,75,25,10,21,40,23,29,44,49,5,49,57,35,27,45,46,52,62,45,37,55,14,43,39,37,49,61,46,37,84,61,59,56,70,71,63,88,46,54,48,50,47,34,62,67,21,59,54,73,54,74,49,40,53,47,46,58,27,53,37,8,11,96,100,32,56,62,10,63,24,9,16,12,29,20,43,45,36,23,39,16,38,24,42,41,28,89,100,48,35,69,59,41,41,50,100,54,38,82,35,31,72,71,64,56,55,100,37,13,38,33,16,14,19,0,56,43,15,58,44,79,0,73,11,0,0,30,0,40,53,91,93,86,0,15,0,69,46,41,58,45,27,46,54,14,45,91,21,40,64,72,20,25,35,13,7,13,31,61,64,28,9,66,48,60,0,32,15,32,25,11,41,20,7,9,17,64,72,51,35,21,61,11,45,40,53,0,0,30,56,0,34,27,26,81,12,84,52,36,27,11,34,41,65,71,17,84,0,19,31,15
Nebraska,False,True,False,False,Friendly & Conventional,Low,48.8,223,43.1,44.4,0,Solid Red,1978379,69021,38.5,34.3,11.5,15.2,13.6,26.8,92,94,76,65,21,75,23,34,34,13,30,7,13,45,44,56,69,48,27,76,62,100,27,46,50,10,48,54,99,100,27,43,67,36,28,12,9,25,33,21,26,0,8,14,9,61,46,41,57,41,35,50,70,11,44,23,29,46,20,14,47,26,29,47,36,57,41,25,66,34,71,76,54,13,8,4,16,24,68,83,10,9,8,28,25,23,46,52,61,19,26,19,23,55,65,43,76,80,68,14,49,79,25,3,22,57,33,64,48,40,36,72,16,97,47,59,23,37,25,27,44,31,33,50,32,31,21,34,52,11,41,46,72,64,42,36,74,26,51,51,68,65,23,46,58,30,7,4,33,26,73,1,1,5,4,1,1,59,0,19,44,19,13,14,66,38,17,27,30,13,21,19,0,52,63,64,54,80,68,65,0,87,25,49,49,82,21,45,71,48,0,30,62,39,78,37,56,76,40,66,0,43,0,96,90,77,33,33,61,0,93,0,84,9,13,16,0,33,18,16,56,15,21,12,0,28,0,50,0,26,0,52,0,24,0,0,28,25,71,0,0,0,22,75,15,18,32,31,0,68,0,0,0,0,0,0,0,0,39,44,43,37,23,53,50,63,10,7,24,90,33,50,37,40,26,26,30,46,31,25,46,63,65,36,4,50,37,22,19,35,20,4,12,8,20,13,29,40,18,23,31,35,47,41,30,30,100,46,29,32,56,58,30,33,58,30,42,33,42,27,15,24,34,30,13,36,50,21,11,16,46,24,20,44,58,3,41,61,37,22,48,49,54,48,53,42,55,16,49,49,42,79,63,47,39,81,63,65,56,73,62,63,76,46,57,53,43,47,39,57,60,20,57,41,65,65,67,56,43,64,61,24,48,25,68,32,4,3,16,14,18,18,39,5,39,25,10,11,6,24,16,48,36,37,14,44,19,28,20,59,19,12,36,38,24,34,37,10,44,40,14,6,48,19,21,27,22,28,13,58,35,55,16,21,4,22,21,13,10,10,0,32,9,7,50,37,60,0,35,3,0,0,21,37,37,20,20,16,13,0,11,8,45,23,31,27,43,27,37,53,20,43,87,23,36,46,48,25,15,36,13,10,14,27,41,50,19,15,63,34,59,33,31,17,37,27,17,37,13,8,10,16,67,65,43,35,19,43,14,53,46,42,19,0,22,35,0,37,27,32,44,6,16,53,31,27,8,37,33,56,47,19,59,0,14,31,12
Nevada,False,False,False,False,Relaxed & Creative,Moderate,49.9,252,68.4,37.1,1,Swing State,3194176,69021,38.5,34.3,11.5,15.2,13.6,26.8,29,34,38,66,22,55,26,49,33,18,47,9,11,80,79,84,88,83,88,89,28,43,48,70,45,23,40,100,25,9,29,21,44,34,24,11,12,32,22,18,34,15,11,18,13,77,88,72,84,54,46,55,80,24,50,57,41,58,27,29,14,25,35,55,67,63,48,42,93,77,49,36,82,35,11,7,18,25,64,43,14,9,23,25,29,43,35,54,60,21,30,16,27,49,46,55,68,59,49,18,31,57,7,3,20,55,26,59,40,28,28,51,32,52,31,58,36,49,28,59,62,50,33,47,35,32,36,37,41,11,42,34,68,64,42,34,62,36,66,34,55,58,25,56,100,41,100,6,25,3,53,6,13,100,100,1,1,35,0,100,66,23,20,17,42,59,20,53,32,36,27,30,92,38,62,64,42,65,64,33,56,50,64,56,46,83,21,65,89,37,0,22,27,22,64,16,57,43,38,37,0,67,0,79,41,64,16,16,53,0,55,0,63,10,19,15,0,20,19,20,70,22,19,14,22,24,14,52,64,0,0,61,0,21,0,0,23,20,63,0,0,19,0,84,17,14,32,19,0,28,0,0,0,0,0,0,0,0,40,41,47,20,18,62,61,53,6,6,30,76,29,40,67,43,28,30,31,44,33,18,31,33,33,27,5,66,27,6,12,33,13,3,13,100,49,13,28,12,15,25,28,31,65,41,31,18,37,39,63,34,43,40,34,30,40,17,54,19,40,5,22,19,30,33,19,32,17,20,14,17,41,23,23,35,52,5,52,57,39,24,53,52,62,46,40,37,43,17,49,58,45,50,52,43,37,63,99,65,56,71,60,73,71,45,51,77,47,44,42,53,59,23,63,42,66,45,63,54,50,59,34,14,50,19,51,42,2,2,35,13,23,18,35,4,37,28,7,15,5,20,17,45,31,32,14,45,10,26,38,25,25,20,25,21,34,18,59,19,31,42,29,7,40,27,74,77,23,41,20,40,40,30,20,19,8,5,38,18,10,16,22,41,11,9,25,47,30,0,34,4,5,0,18,15,32,17,52,18,12,0,10,11,46,23,18,19,37,23,35,38,16,38,76,23,31,37,42,23,19,33,14,12,19,23,26,35,20,17,36,23,33,25,37,16,41,25,16,40,19,8,12,20,63,60,50,64,27,38,18,39,46,27,15,12,23,35,21,29,32,38,19,9,37,62,35,28,9,38,62,56,38,15,21,0,16,48,17
New Hampshire,False,False,True,False,Conventional & Duty-Bound,Low,43.8,198,71.5,30.2,0,Lean Blue,1402054,69021,38.5,34.3,11.5,15.2,13.6,26.8,23,27,38,66,51,66,24,40,33,49,53,12,8,32,48,63,82,72,79,84,22,47,24,69,53,11,57,46,51,6,36,22,88,52,36,74,14,22,33,45,30,69,9,13,8,91,30,26,70,45,29,67,80,26,35,15,38,40,27,22,12,29,44,68,39,79,92,18,51,28,43,84,57,53,7,32,13,18,23,22,16,9,7,41,65,9,22,50,45,21,35,21,20,56,33,54,44,88,87,32,91,100,4,5,11,65,32,23,74,40,33,79,23,63,71,69,56,54,25,29,47,32,33,47,24,35,19,37,46,37,40,48,59,31,21,49,49,11,62,14,47,48,90,62,8,86,4,1,12,1,44,1,1,3,2,1,1,31,0,14,65,19,12,24,54,83,16,28,18,7,20,18,0,58,64,58,45,64,70,60,0,52,59,57,59,63,23,50,90,39,0,29,0,16,55,28,39,70,43,0,0,46,0,81,7,0,40,21,60,100,0,0,0,7,16,12,0,24,18,24,63,13,23,11,0,28,0,52,18,0,0,48,0,17,0,0,21,16,77,0,0,0,0,70,20,18,65,25,0,63,0,0,0,0,0,0,0,0,45,51,52,42,20,52,50,65,6,35,22,47,34,57,38,35,26,33,37,52,36,25,42,61,32,62,5,50,23,19,6,7,38,5,14,7,42,13,33,68,4,22,96,35,51,41,44,30,60,55,28,76,67,80,27,34,53,31,83,58,52,50,11,24,28,35,13,33,46,19,17,18,44,29,22,43,49,4,49,60,42,20,45,43,48,52,52,33,62,19,51,41,38,54,56,45,40,80,29,48,56,53,57,50,74,49,70,59,39,46,44,65,58,19,58,38,71,73,71,58,53,57,76,11,94,46,53,29,4,0,5,15,72,32,62,6,72,36,22,31,100,29,17,39,45,37,19,29,10,28,21,89,27,25,42,36,48,48,61,38,83,52,30,15,58,19,47,35,25,35,22,56,33,85,41,89,3,32,23,19,10,14,32,40,26,9,70,39,74,0,46,4,32,0,27,0,72,36,27,45,81,0,13,8,56,54,47,61,57,37,48,54,31,49,63,24,36,47,66,27,22,41,11,10,15,23,47,66,22,14,62,43,46,40,31,17,38,29,13,30,23,6,8,31,80,68,57,37,29,75,16,60,43,67,0,0,23,50,0,33,17,28,32,11,13,59,41,27,12,39,35,62,55,16,56,0,21,38,18
New Jersey,False,False,True,False,Conventional & Duty-Bound,Moderate,52.7,206,36.2,27.4,0,Solid Blue,9290841,69021,38.5,34.3,11.5,15.2,13.6,26.8,31,33,44,100,28,55,34,43,37,21,47,14,8,58,56,95,71,88,55,75,23,51,29,82,48,16,25,56,50,8,30,21,67,42,28,69,13,43,19,36,24,10,12,24,10,74,40,60,74,52,40,75,70,27,62,27,38,56,35,65,15,55,100,65,45,77,67,25,74,31,37,40,63,22,7,12,12,21,50,11,29,6,7,31,26,15,18,59,55,30,27,23,33,40,43,56,34,49,64,17,40,82,3,12,8,53,32,55,50,21,22,51,34,39,40,56,55,67,35,55,85,42,33,51,23,32,27,36,28,15,42,35,52,40,41,49,55,37,58,17,47,65,78,78,20,54,5,1,10,1,48,3,5,4,3,2,57,33,0,22,37,21,17,21,74,80,18,34,19,12,34,34,60,54,72,64,55,75,76,45,76,54,68,51,45,64,23,58,78,42,0,20,37,19,71,13,63,47,42,9,51,44,100,77,62,53,21,17,45,17,65,0,53,9,19,13,0,21,20,20,62,20,25,15,29,35,15,58,84,12,0,53,68,26,63,60,27,23,65,73,40,20,0,83,19,14,48,26,57,31,33,68,0,38,0,100,39,0,33,36,44,25,16,52,30,51,4,7,26,66,37,39,32,34,27,40,35,35,30,13,34,40,24,36,3,65,10,6,5,8,11,4,15,8,25,8,34,25,2,20,27,29,57,43,12,21,37,34,24,35,30,30,28,31,52,30,34,29,45,9,10,18,23,26,13,22,23,16,12,16,36,20,18,44,47,3,47,45,43,21,47,49,64,37,48,40,43,14,56,43,37,48,47,50,40,62,44,46,61,62,45,59,52,46,50,66,41,36,38,48,48,17,51,21,39,78,55,55,47,52,81,10,70,23,54,35,2,2,3,9,21,27,37,4,52,33,10,19,5,100,18,40,26,25,14,31,9,16,15,40,14,15,26,19,30,33,45,12,56,31,22,5,42,12,21,33,13,12,9,31,21,35,16,19,29,5,23,20,9,12,25,40,10,8,16,37,39,37,42,4,16,0,17,9,30,16,14,8,16,0,14,12,31,25,23,32,41,33,40,40,26,39,76,23,30,29,34,28,17,22,13,11,17,23,13,38,17,16,31,22,33,38,36,18,43,23,15,28,13,6,11,18,46,43,32,42,20,29,18,35,41,40,14,18,19,40,25,21,24,35,39,13,5,52,33,29,7,38,57,60,37,16,18,0,21,63,21
New Mexico,False,False,False,False,Relaxed & Creative,Moderate,53.4,278,72.0,40.9,1,Solid Blue,2114371,69021,38.5,34.3,11.5,15.2,13.6,26.8,34,34,36,54,12,51,20,32,37,17,47,8,7,60,65,64,86,55,25,75,29,43,32,42,32,11,25,72,39,8,27,56,44,30,26,7,9,41,41,19,34,13,7,13,10,56,75,36,100,44,31,49,62,13,48,38,41,38,25,22,32,21,27,51,47,50,43,27,52,86,68,47,79,17,9,4,14,30,47,41,10,8,7,39,20,63,57,51,100,10,26,15,21,60,69,41,94,64,53,18,39,49,19,3,55,45,33,55,45,49,43,77,21,52,46,44,24,42,26,32,49,37,29,45,39,37,23,32,43,11,37,31,66,62,44,49,72,24,98,48,67,38,35,41,84,31,15,58,56,1,31,1,1,22,38,1,1,58,0,69,46,18,14,11,41,40,15,32,40,29,34,31,57,34,52,50,39,68,64,60,100,46,69,40,46,69,19,52,88,40,0,23,39,19,100,17,85,60,33,83,58,53,0,57,0,100,0,10,63,0,0,0,70,9,12,16,0,17,16,20,78,15,17,11,0,24,0,35,0,0,0,49,0,0,0,0,14,9,59,0,0,39,0,58,17,13,39,26,0,32,0,0,0,0,0,0,0,0,40,42,49,28,29,76,100,46,7,7,22,81,36,56,45,33,23,23,27,44,29,12,37,43,49,55,4,53,46,13,25,20,19,3,13,7,29,15,30,22,33,26,23,40,59,40,60,25,45,38,51,33,63,46,38,43,42,20,96,28,40,6,25,21,27,29,11,26,22,26,11,18,43,20,21,34,58,5,44,55,35,20,45,50,53,52,43,31,50,20,88,49,42,60,53,42,39,72,90,57,63,78,90,70,76,50,51,68,47,43,43,57,61,21,61,44,96,50,67,52,45,62,43,31,56,17,56,37,2,3,23,15,16,22,35,5,48,30,7,11,4,21,16,29,31,40,11,56,16,47,49,31,28,19,32,33,25,22,48,23,25,26,14,15,42,35,66,20,24,54,26,38,32,37,35,20,3,6,32,16,11,13,19,59,12,9,30,27,51,0,44,3,0,0,22,27,37,30,58,0,11,0,16,12,45,24,29,32,43,27,39,39,16,43,97,26,49,44,42,25,21,30,14,11,15,25,33,50,33,13,45,42,38,22,31,17,35,27,15,32,34,6,9,17,65,66,49,44,19,54,15,31,46,0,0,0,20,32,0,32,19,37,26,11,43,64,40,27,10,40,40,47,38,16,30,0,16,34,17
New York,True,True,True,False,Conventional & Duty-Bound,High,45.4,160,30.5,29.0,0,Solid Blue,19571216,69021,38.5,34.3,11.5,15.2,13.6,26.8,28,25,36,66,26,48,39,35,36,25,46,13,8,57,56,99,62,74,64,56,18,47,30,61,41,17,30,46,38,7,32,24,54,59,34,70,19,46,25,38,35,21,15,32,15,82,43,53,62,51,41,66,62,21,56,24,46,67,42,50,15,47,79,67,47,71,56,29,62,35,38,41,60,25,9,12,17,23,49,14,16,6,5,33,33,23,23,62,47,26,32,24,38,43,31,50,37,46,55,23,36,68,4,4,9,44,32,42,57,28,21,51,29,46,47,60,56,71,33,66,100,34,39,50,25,37,36,38,32,18,39,40,55,42,25,37,58,31,39,14,100,58,59,46,12,44,5,2,21,1,28,2,3,5,4,1,3,20,0,22,40,26,18,29,58,58,25,40,24,18,31,34,42,47,63,54,46,64,69,37,62,53,62,57,46,52,24,49,73,42,0,23,30,20,75,15,52,43,39,11,50,42,78,52,49,71,15,19,43,0,53,51,62,11,19,15,0,26,19,26,54,21,30,13,23,29,11,43,88,8,85,58,52,24,77,38,24,19,74,64,26,25,27,73,20,15,48,24,43,33,32,76,0,37,0,0,0,0,34,40,41,39,16,47,35,48,6,11,25,52,35,45,31,36,24,34,31,36,33,15,37,38,30,35,3,61,12,8,7,14,18,4,13,9,22,9,30,22,3,18,31,27,62,47,15,21,33,31,21,38,32,30,31,31,53,33,39,28,41,7,10,18,25,29,11,22,23,16,11,16,39,20,17,35,43,3,50,45,38,24,45,53,55,40,49,45,38,15,53,39,41,44,49,42,38,61,39,47,49,69,48,49,51,47,52,69,38,43,41,40,46,21,53,23,41,73,56,56,44,45,65,9,51,20,52,34,2,3,4,12,22,22,39,5,48,24,10,13,8,33,14,34,24,30,13,28,9,18,12,34,19,20,27,24,35,33,48,20,52,36,19,7,43,13,18,26,19,17,18,36,22,38,17,18,8,13,20,25,15,19,30,37,16,11,26,34,43,0,36,5,9,0,21,14,32,22,18,11,21,59,18,14,43,29,32,45,41,31,38,46,100,43,61,29,34,37,29,29,17,27,19,16,18,28,21,42,24,17,39,26,40,41,41,23,50,28,17,28,15,9,11,19,57,42,38,46,18,31,24,40,45,51,17,19,32,40,29,28,25,35,38,8,7,63,28,30,9,38,62,68,27,20,32,27,24,65,23
North Carolina,True,True,True,True,Friendly & Conventional,Moderate,59.0,213,40.8,44.3,1,Swing State,10835491,69021,38.5,34.3,11.5,15.2,13.6,26.8,56,44,49,72,21,63,30,42,33,16,34,10,8,45,48,77,67,47,48,69,38,54,36,71,67,13,100,43,44,10,38,19,63,35,31,32,14,37,27,23,24,7,11,16,9,75,47,46,72,79,32,54,69,40,55,28,40,55,25,33,12,27,39,59,60,63,56,23,75,39,47,39,64,16,12,5,14,28,74,27,24,8,9,39,24,19,28,62,53,24,26,20,27,48,47,68,53,76,66,20,54,80,6,7,12,54,54,58,54,54,79,57,64,71,36,61,29,50,24,35,51,100,38,56,75,34,22,40,50,12,48,40,70,63,77,51,71,23,87,47,56,60,44,100,36,48,6,27,22,11,41,56,100,10,9,39,7,46,11,79,37,18,17,17,47,56,16,38,23,14,26,25,51,48,69,73,47,67,78,46,57,49,56,58,51,64,22,66,64,37,0,20,32,16,65,100,44,44,34,14,43,60,58,50,43,66,18,17,51,0,55,0,46,9,21,14,0,23,19,18,54,56,24,14,28,38,13,43,72,9,0,48,40,18,75,48,20,19,54,30,0,24,0,96,16,14,42,24,56,41,46,59,0,31,73,0,0,0,41,44,43,41,18,55,47,58,6,9,37,86,35,47,59,38,26,37,29,44,36,19,40,69,45,34,4,100,16,12,21,8,12,5,23,7,31,11,29,32,5,27,42,34,63,43,27,100,40,38,22,45,44,58,37,39,47,58,74,36,48,5,26,37,27,29,12,29,30,27,11,15,36,23,25,53,54,4,49,50,45,100,49,55,80,37,51,39,48,16,46,43,38,47,84,44,41,73,50,47,57,69,52,64,66,50,53,53,40,36,45,61,56,18,60,51,77,59,65,47,35,52,62,12,46,35,55,34,6,3,5,12,18,24,40,6,49,43,10,12,5,23,19,50,38,26,15,43,47,46,17,53,20,17,37,36,38,29,43,16,46,45,21,10,45,17,28,60,18,26,17,37,31,63,27,34,11,4,19,22,10,12,17,43,9,9,58,35,48,0,72,5,5,0,21,12,28,26,24,11,11,0,13,11,52,26,30,34,47,37,40,53,24,42,89,26,32,40,38,30,21,26,16,11,15,30,30,53,20,15,61,31,39,32,34,19,39,25,14,31,14,7,10,17,45,58,37,43,25,40,18,44,37,39,14,14,20,36,21,27,24,30,33,11,8,50,36,28,8,42,41,57,38,17,42,36,18,43,17
North Dakota,False,False,False,False,Friendly & Conventional,Low,40.4,201,45.0,22.7,1,Solid Red,783926,69021,38.5,34.3,11.5,15.2,13.6,26.8,46,58,42,46,99,74,19,28,33,18,42,8,7,32,52,73,100,47,83,79,31,69,37,43,59,9,48,61,100,22,34,22,71,43,29,15,100,20,64,16,20,22,6,12,7,60,32,16,61,33,26,48,70,9,38,15,26,48,17,13,15,18,16,54,35,46,29,28,36,33,63,87,75,16,8,5,12,35,73,70,9,10,6,31,35,16,39,57,68,24,24,18,16,44,100,40,75,94,80,17,52,73,8,3,47,71,26,31,60,33,28,77,17,74,52,56,18,35,24,24,42,24,28,46,29,29,17,39,51,14,36,41,80,55,30,29,57,14,64,30,76,29,11,49,43,61,5,2,14,24,24,1,1,5,7,1,1,28,0,8,49,19,9,14,54,33,11,25,21,9,22,18,0,52,48,58,56,74,85,79,0,100,56,89,47,93,52,46,63,56,0,26,66,94,4,40,80,65,33,100,0,87,0,0,0,0,100,29,49,0,0,0,0,10,0,12,0,42,16,16,73,11,20,17,0,0,0,5,0,0,0,0,0,0,0,0,19,21,79,0,0,0,0,73,16,15,29,26,0,100,0,0,100,0,0,0,0,0,38,50,45,64,21,56,61,47,100,23,21,57,66,40,40,40,24,25,25,49,98,20,38,35,31,39,6,56,35,54,33,26,24,4,43,8,30,18,31,50,49,25,30,45,39,38,31,28,72,48,37,27,51,47,32,38,59,30,44,28,37,66,11,21,23,92,10,59,81,16,13,17,39,21,20,45,51,3,41,45,40,19,49,44,51,58,51,41,49,14,40,38,37,48,100,44,37,80,54,57,54,47,49,59,79,39,47,58,43,48,35,50,54,18,61,30,51,55,72,37,30,45,52,62,43,25,45,35,38,16,35,19,20,18,39,4,26,24,100,12,17,35,12,31,35,39,14,38,0,17,34,53,21,11,54,57,21,29,31,14,42,54,0,8,43,17,0,0,19,31,17,51,32,41,21,21,0,88,22,14,10,5,0,52,8,6,41,35,84,0,2,8,0,0,19,0,34,32,23,0,43,0,0,0,0,27,25,29,40,17,38,55,41,36,76,22,30,44,54,17,11,39,13,9,13,28,47,44,16,9,70,35,53,0,31,15,31,29,14,30,11,5,7,0,55,73,51,38,23,53,12,34,34,0,0,0,14,30,0,29,28,31,0,0,1,54,31,24,8,33,33,57,48,17,84,0,12,25,11
Ohio,True,True,False,True,Friendly & Conventional,Low,50.7,173,38.9,36.6,1,Solid Red,11785935,69021,38.5,34.3,11.5,15.2,13.6,26.8,44,65,49,66,21,61,26,35,35,15,28,6,23,45,52,82,76,65,36,68,56,62,32,69,59,11,55,52,62,14,30,22,67,47,25,35,11,33,33,25,23,8,8,12,10,91,41,34,66,53,29,50,79,17,46,21,35,54,20,20,40,25,30,55,45,71,63,19,78,36,53,66,67,15,9,5,19,21,62,46,16,9,6,32,26,15,26,56,53,10,27,23,39,39,71,59,55,90,88,18,48,84,7,5,12,54,43,71,57,36,58,76,35,68,35,52,32,45,26,32,54,62,38,59,47,30,19,51,56,17,41,47,85,85,61,85,78,28,81,43,72,100,48,73,46,58,5,2,21,17,49,2,5,5,7,44,7,90,0,28,42,18,11,19,46,43,14,24,18,10,20,17,48,52,64,74,50,76,70,59,56,57,55,50,47,75,21,60,59,47,0,23,47,15,80,26,52,63,39,17,41,72,5,72,67,67,21,25,53,0,70,90,60,8,15,12,0,25,20,19,68,22,23,13,19,31,14,54,66,10,0,56,44,18,73,41,20,18,69,0,0,17,0,82,14,15,42,20,59,64,42,42,0,33,76,0,0,100,41,46,46,44,41,53,44,67,6,9,30,61,33,46,61,42,26,32,27,47,31,26,64,76,50,66,4,64,13,14,8,7,13,5,13,9,26,11,29,39,5,26,34,39,57,41,25,32,58,45,23,47,47,47,33,32,54,59,61,37,45,10,13,23,25,38,11,30,44,17,11,17,36,19,20,44,51,4,47,49,39,23,50,56,73,41,57,44,49,14,54,49,38,50,49,43,41,81,55,55,60,69,51,60,78,52,56,70,44,43,46,70,68,18,64,43,74,83,65,49,41,54,86,13,68,26,64,38,3,2,4,10,23,18,40,5,47,28,9,11,5,23,16,46,31,33,15,36,16,24,18,63,19,15,33,34,60,78,37,10,46,32,19,6,46,17,22,39,21,20,16,45,27,51,13,20,3,8,20,20,11,8,16,41,9,7,49,29,63,36,39,3,2,0,20,45,28,27,22,11,10,0,8,6,37,26,32,30,47,27,42,48,22,44,73,23,30,39,48,30,20,34,13,10,13,28,28,55,19,14,58,31,53,30,38,19,42,28,14,34,12,6,10,21,61,62,49,43,21,45,16,41,42,50,16,14,18,35,17,37,24,40,33,11,9,53,34,25,8,41,33,57,42,17,58,0,15,36,17
Oklahoma,True,False,False,True,Friendly & Conventional,Low,59.6,234,42.8,47.7,0,Solid Red,4053824,69021,38.5,34.3,11.5,15.2,13.6,26.8,38,60,51,56,12,55,22,29,35,16,24,6,7,45,58,100,47,33,14,66,61,43,27,42,39,12,39,57,37,8,28,50,73,33,19,9,8,44,45,22,28,7,8,13,8,61,59,37,93,68,38,46,76,15,59,41,33,68,21,16,29,23,16,55,38,57,50,22,66,43,75,54,64,13,13,4,14,24,57,49,12,11,7,37,22,28,47,63,66,12,20,15,21,46,72,44,86,84,78,17,47,69,24,4,50,59,58,62,44,76,87,62,34,92,35,60,22,34,24,26,61,35,28,48,61,28,20,39,55,10,38,45,72,70,61,34,53,27,71,49,68,36,17,78,67,25,8,58,100,2,37,7,13,20,19,1,1,50,0,27,44,17,12,14,41,45,16,40,38,16,28,19,53,43,59,63,42,66,64,74,83,56,63,53,50,80,22,63,69,45,0,20,32,18,74,28,37,63,31,92,35,52,0,32,75,76,0,20,52,0,47,0,38,11,18,16,0,19,19,15,61,19,19,10,10,29,0,62,89,19,0,52,0,18,0,0,14,15,68,0,0,0,0,82,12,15,30,23,0,55,76,0,0,0,0,0,0,0,45,44,44,60,21,57,73,56,13,7,36,87,40,48,41,40,26,35,30,52,32,27,47,82,67,59,4,64,26,16,56,9,17,4,17,9,35,14,27,34,12,25,30,34,63,45,46,70,64,43,38,50,52,55,33,36,49,31,72,29,43,12,100,25,31,34,11,34,34,27,12,16,82,22,22,47,55,4,51,53,44,25,55,68,76,47,50,47,62,16,60,51,48,52,62,42,38,69,71,59,55,73,70,78,81,51,51,62,43,43,51,67,77,27,64,57,83,58,68,56,41,65,48,19,39,24,59,39,2,3,8,12,17,16,38,100,27,29,7,9,4,23,18,49,36,36,15,56,69,46,23,77,19,13,38,52,32,30,37,11,33,35,17,7,40,25,36,32,22,36,14,45,31,73,28,36,4,5,23,18,9,9,0,39,8,7,56,34,53,0,71,3,3,0,24,28,36,27,29,12,9,0,9,7,47,22,24,22,50,26,38,44,19,43,81,26,30,48,57,24,27,31,14,11,15,38,37,49,25,17,61,31,43,24,41,15,39,26,16,39,18,7,12,22,70,68,47,47,21,54,16,40,41,55,1,11,20,31,25,34,27,37,52,14,14,66,39,27,7,43,28,55,42,16,41,0,12,26,12
Oregon,True,False,True,False,Relaxed & Creative,High,48.4,144,77.2,35.2,1,Solid Blue,4233358,69021,38.5,34.3,11.5,15.2,13.6,26.8,24,43,43,68,13,54,26,39,36,22,47,15,7,44,51,72,60,52,27,73,38,47,38,81,43,12,28,49,63,10,37,24,58,44,29,17,12,28,41,35,50,36,10,19,18,61,50,53,74,60,45,57,62,16,45,47,53,53,30,19,28,28,36,65,44,55,39,26,59,51,52,78,89,76,9,4,15,30,53,69,18,11,8,36,31,28,49,45,44,17,43,22,26,50,32,49,78,76,70,22,47,74,12,5,27,77,40,29,57,39,36,92,26,75,67,64,27,50,24,41,65,53,32,58,39,55,27,45,45,15,44,46,65,67,32,31,52,17,63,19,56,63,6,29,69,41,37,2,32,1,27,1,1,35,22,1,1,15,0,20,68,19,10,15,67,56,27,49,25,22,21,23,83,47,53,55,47,64,67,55,58,57,61,52,45,60,21,41,72,46,0,22,29,20,68,23,55,93,44,52,39,58,0,69,40,71,24,18,63,0,27,0,33,9,14,15,0,19,23,29,78,18,25,13,16,26,11,48,0,0,0,47,100,14,62,100,23,20,84,100,0,18,0,74,24,15,67,30,0,34,34,7,0,0,0,0,0,0,44,56,49,35,27,56,60,59,7,8,25,62,30,59,40,44,25,30,46,52,56,42,50,53,39,57,5,70,25,9,34,17,19,4,38,9,65,16,31,35,20,25,31,76,59,45,30,24,77,48,52,65,76,72,35,48,53,23,98,34,44,11,18,22,75,38,24,61,36,100,22,30,52,24,22,39,43,7,60,80,48,27,52,51,55,51,46,42,48,18,56,44,43,57,62,45,42,68,77,66,55,81,66,65,80,57,47,68,41,48,44,53,68,23,67,43,77,62,63,54,45,58,35,13,51,29,60,35,3,4,15,24,31,37,53,9,93,40,16,26,10,29,17,44,36,34,20,40,8,32,25,28,38,23,45,38,43,28,66,31,35,25,70,22,69,37,48,27,28,60,58,65,32,50,45,20,100,5,30,21,15,42,32,54,26,13,84,43,46,0,41,9,100,0,43,100,40,36,63,27,13,0,33,18,67,24,38,65,53,31,44,39,15,52,78,23,46,63,85,26,25,37,14,12,16,29,39,65,27,15,61,49,48,46,40,19,44,33,16,37,27,12,12,28,78,90,81,52,26,69,18,57,56,74,40,27,32,63,43,39,16,29,33,12,100,68,42,32,16,41,50,60,63,21,71,52,20,37,20
Pennsylvania,True,True,False,True,Conventional & Duty-Bound,Moderate,48.8,179,39.2,34.4,0,Swing State,12961683,69021,38.5,34.3,11.5,15.2,13.6,26.8,32,46,51,70,30,60,26,31,41,20,42,9,9,51,50,62,87,86,73,84,34,60,27,56,60,12,51,51,69,10,29,23,63,43,31,62,14,39,63,38,26,13,9,17,15,92,37,38,69,48,34,67,68,24,52,27,38,64,28,31,24,34,42,63,55,80,60,22,77,29,45,62,60,20,8,6,14,24,100,20,44,8,6,29,27,14,24,52,51,21,25,23,27,40,40,63,40,79,88,20,55,80,4,25,11,59,33,72,64,26,34,80,32,56,43,51,45,55,29,36,67,68,36,54,35,34,23,46,48,16,45,46,67,45,50,53,67,27,57,27,51,62,60,86,20,53,5,1,14,1,37,2,2,4,3,73,51,41,0,27,44,20,14,22,49,54,16,37,18,11,26,24,49,60,63,72,57,73,77,58,51,58,63,61,52,66,22,59,60,41,0,26,38,18,73,24,46,55,40,13,41,66,51,80,60,85,20,19,45,0,68,85,63,8,18,14,0,25,18,20,67,20,24,13,20,33,12,57,76,9,0,58,55,22,66,45,21,19,68,54,0,23,0,78,15,16,42,20,66,46,38,89,0,24,0,0,0,0,39,48,50,52,42,58,40,66,5,9,28,65,37,48,42,39,26,34,30,45,35,83,51,52,34,51,3,76,15,11,17,6,18,4,13,8,30,12,32,53,6,23,39,35,56,43,28,53,66,81,33,52,47,43,34,35,53,36,54,38,52,16,11,23,28,31,14,32,35,18,12,16,34,21,22,41,47,3,49,56,46,34,47,55,64,39,53,40,47,17,57,43,37,53,50,45,42,74,44,55,62,67,56,55,76,52,57,64,43,43,44,58,66,17,56,37,62,79,64,48,41,53,100,11,66,31,58,37,2,2,5,11,22,20,47,5,45,27,11,12,6,24,17,44,34,34,15,33,15,26,17,52,17,17,32,46,35,36,42,15,43,28,19,11,43,15,24,43,18,17,14,49,30,49,39,20,17,9,24,22,13,11,16,48,11,8,39,28,64,0,39,3,5,0,22,16,38,26,20,13,13,0,12,8,31,23,33,41,46,29,42,47,30,44,74,24,34,36,38,30,19,33,15,11,14,26,22,55,18,15,59,30,49,31,36,21,42,29,14,26,16,6,9,21,58,55,42,44,19,37,18,41,41,40,19,11,19,37,24,30,25,37,39,11,9,51,35,24,9,41,44,58,40,20,57,29,17,39,19
Rhode Island,False,False,True,False,Conventional & Duty-Bound,Moderate,50.1,201,45.9,25.7,0,Solid Blue,1095962,69021,38.5,34.3,11.5,15.2,13.6,26.8,32,28,38,78,37,55,30,33,31,20,41,13,8,47,47,84,79,82,62,85,20,44,28,75,50,12,31,49,46,6,27,19,54,45,31,52,16,22,16,40,32,29,9,17,14,100,37,39,57,43,26,80,65,33,51,25,40,45,34,34,12,43,41,55,43,90,100,24,73,34,34,63,55,100,6,40,13,17,29,17,15,7,5,41,36,14,21,49,58,22,29,22,29,52,29,54,42,73,68,29,71,75,0,5,25,50,30,23,63,28,37,59,23,72,59,62,50,57,30,39,59,37,40,66,29,34,23,38,36,17,47,40,52,46,28,60,68,19,76,9,54,57,100,82,12,74,4,1,16,1,40,1,1,3,3,1,2,24,0,25,54,21,17,29,33,83,21,33,21,12,30,27,0,54,61,80,50,68,61,50,8,50,63,61,62,70,25,56,82,46,0,25,43,16,54,19,0,70,46,0,0,81,0,76,100,0,0,23,63,0,6,0,6,9,15,16,0,26,18,23,61,16,24,13,29,35,0,0,0,0,0,50,0,20,0,0,27,24,73,0,0,0,0,72,15,17,55,24,0,65,0,0,0,0,0,0,0,0,38,43,40,23,15,59,34,51,5,9,20,40,28,46,29,32,26,31,40,42,30,19,39,49,32,45,3,48,15,11,4,6,18,4,12,7,22,10,29,22,2,16,48,32,51,39,14,18,39,35,17,47,47,36,27,29,52,27,52,36,44,9,9,22,33,33,12,30,38,19,15,19,46,33,26,49,44,3,50,53,40,22,45,45,55,46,44,37,46,16,46,35,43,54,55,38,61,67,31,51,60,68,54,67,56,49,57,61,45,43,39,57,55,20,48,29,46,78,64,58,44,86,75,10,65,31,52,30,3,0,4,8,38,27,62,5,43,36,17,18,23,21,22,52,42,30,16,33,0,17,18,65,15,16,31,21,37,26,60,15,67,37,30,7,48,13,19,31,20,16,14,28,25,49,19,20,6,9,26,21,11,12,0,48,9,8,31,28,52,0,42,7,57,0,30,0,27,17,21,0,34,48,26,11,0,26,30,48,45,34,40,47,27,48,62,23,32,35,34,22,22,26,14,12,17,23,27,53,23,16,46,24,30,52,31,18,42,22,13,23,11,7,9,15,70,48,42,40,18,39,14,54,42,0,29,0,25,56,0,27,21,35,38,0,11,60,39,25,9,36,54,53,38,16,32,0,25,42,19
South Carolina,False,False,True,True,Friendly & Conventional,Low,62.4,216,45.2,39.5,1,Solid Red,5373555,69021,38.5,34.3,11.5,15.2,13.6,26.8,44,67,54,60,16,86,32,41,29,14,26,10,8,41,47,69,66,48,32,67,63,52,47,56,100,12,90,46,45,9,34,18,69,34,24,33,11,35,26,19,24,6,8,13,8,82,36,37,70,81,33,56,79,55,58,24,36,56,25,22,21,23,36,59,62,74,54,24,61,35,53,48,72,17,12,8,16,37,69,30,32,10,9,52,23,17,25,72,58,23,33,17,18,48,45,67,59,83,71,21,53,79,9,8,11,55,67,60,51,50,97,43,70,66,39,100,42,37,23,30,49,87,36,55,85,30,21,38,48,10,50,40,63,54,79,56,80,24,74,51,62,54,39,78,35,66,5,25,30,11,37,91,74,9,11,3,2,78,0,74,39,22,14,17,35,52,15,36,22,14,21,20,45,44,76,74,51,70,72,47,53,54,36,49,49,66,23,72,62,35,0,19,35,14,73,57,54,43,34,17,36,71,0,52,47,76,0,17,51,0,45,0,68,10,19,13,100,23,17,17,55,81,22,13,25,27,9,54,89,13,0,52,3,16,69,0,20,19,57,0,0,32,0,99,15,14,32,18,0,45,50,5,0,0,0,0,0,0,40,39,46,44,18,49,50,66,4,8,60,71,40,44,36,36,29,51,29,41,35,17,43,72,61,27,3,74,14,11,11,7,13,6,19,11,25,10,23,25,5,29,32,44,69,50,29,82,59,37,30,40,40,46,38,35,40,35,65,29,46,7,23,37,31,35,13,30,27,22,12,14,37,26,25,58,72,4,48,51,58,79,72,59,77,40,49,40,50,16,49,43,41,48,60,47,52,69,50,47,59,62,76,62,69,60,46,56,35,37,42,63,68,21,58,40,87,58,59,52,29,55,55,11,45,27,60,34,3,2,4,17,17,25,33,7,85,82,11,10,5,26,27,49,37,28,15,47,56,61,17,61,20,14,41,44,36,26,31,13,59,51,23,8,45,19,24,80,18,28,13,38,31,72,22,73,20,4,16,20,10,7,20,46,8,6,49,35,49,0,100,5,4,0,18,11,50,30,23,7,7,0,10,11,60,21,22,28,43,34,40,50,29,42,74,22,24,39,36,34,18,28,14,9,13,30,23,39,22,15,56,25,32,36,32,16,34,20,13,33,12,6,9,15,49,50,31,40,22,43,17,42,41,29,13,15,21,27,19,26,25,28,42,14,5,55,34,25,6,44,36,53,37,15,39,66,15,42,15
South Dakota,False,False,False,False,Friendly & Conventional,Low,45.2,213,46.0,22.5,1,Solid Red,919318,69021,38.5,34.3,11.5,15.2,13.6,26.8,52,54,42,52,35,71,18,26,36,15,34,6,9,30,51,62,97,53,45,83,37,65,48,50,60,9,58,54,89,29,33,44,71,33,28,21,10,22,76,18,21,0,6,13,6,65,37,23,60,32,25,43,67,9,37,23,31,41,18,12,43,16,21,52,41,54,34,19,37,34,67,86,61,15,9,4,16,22,55,84,8,10,5,30,35,16,43,64,65,12,21,14,12,49,71,41,84,94,80,19,49,69,13,3,68,71,30,40,59,41,31,80,15,84,58,54,24,38,18,20,37,18,29,41,30,38,19,35,57,13,37,41,67,58,24,28,74,14,67,45,77,23,10,44,30,33,5,2,14,45,48,1,1,4,4,1,1,0,0,45,44,16,13,5,28,37,10,22,24,10,20,17,0,55,64,58,47,72,57,83,0,90,66,53,52,72,36,44,54,68,0,25,100,43,95,50,0,100,28,100,0,0,0,0,0,0,83,29,48,0,0,0,0,9,0,11,0,36,17,12,52,12,22,11,0,0,0,0,0,0,0,89,0,0,0,0,19,22,85,0,0,0,0,64,16,19,44,19,0,0,0,0,0,0,0,0,0,0,41,44,52,52,27,52,87,68,31,11,22,71,35,41,60,36,24,26,23,50,51,18,39,53,56,47,7,51,64,25,58,41,58,4,17,8,29,20,28,60,43,25,27,45,40,37,58,31,91,63,35,38,58,67,32,51,45,33,46,31,38,100,13,21,24,35,11,46,76,15,12,14,34,20,20,42,47,4,37,56,35,21,47,44,57,50,50,47,54,16,37,38,38,51,53,54,39,78,41,53,52,69,56,67,75,45,49,65,44,44,36,53,51,15,66,31,71,51,62,42,34,67,52,100,87,11,54,33,22,7,57,36,25,19,46,6,59,19,14,12,9,25,19,46,31,36,15,36,0,34,22,60,27,14,53,63,29,47,41,14,33,41,0,10,45,28,33,18,24,44,19,60,36,49,25,36,0,60,23,13,10,8,0,38,10,7,50,25,68,0,44,8,0,0,21,0,29,32,18,0,33,0,0,0,0,25,34,27,40,18,38,55,16,42,73,20,34,44,52,19,18,37,9,8,10,27,49,50,20,13,61,36,60,64,31,15,33,29,11,25,14,5,10,0,54,68,43,36,21,45,12,36,36,0,0,0,19,31,0,25,26,29,71,12,32,53,36,23,8,34,0,57,54,16,85,0,12,28,13
Tennessee,True,False,False,True,Friendly & Conventional,Low,57.6,207,37.9,47.0,1,Solid Red,7126489,69021,38.5,34.3,11.5,15.2,13.6,26.8,45,69,52,57,14,57,25,40,32,14,25,6,14,39,49,64,55,46,28,67,65,53,33,60,54,12,70,46,35,8,39,20,59,44,25,18,12,43,34,27,24,5,8,12,9,59,45,41,76,76,28,49,78,22,58,21,36,65,22,18,37,29,24,60,54,68,51,21,72,35,51,49,82,11,18,5,18,80,65,38,15,11,16,43,21,21,26,63,48,17,32,16,25,60,50,54,63,97,75,20,51,69,12,5,13,59,81,76,51,59,83,57,45,82,35,61,28,44,24,33,62,78,35,54,82,34,22,41,53,13,53,47,71,84,70,53,74,31,78,43,66,46,35,72,54,51,40,33,50,11,51,63,27,9,5,2,5,95,0,55,38,20,13,16,37,54,15,34,21,13,22,18,48,42,70,66,53,62,66,47,53,52,54,56,55,78,21,56,67,41,100,21,29,22,55,47,45,44,34,20,34,62,0,65,72,66,16,21,53,0,82,0,62,9,18,13,0,22,19,20,56,43,23,12,26,25,12,51,63,8,0,45,43,18,85,42,21,20,60,32,0,9,0,95,14,14,40,21,53,55,49,74,0,0,0,0,0,0,41,43,48,46,19,52,52,58,7,11,38,50,37,46,40,38,24,34,26,48,33,18,53,85,57,56,3,65,18,13,14,7,13,4,16,8,36,13,23,28,7,24,28,41,58,42,37,75,47,33,39,40,50,49,38,37,39,33,79,30,56,7,18,20,25,28,9,35,29,24,10,16,34,20,21,43,58,4,43,51,36,29,57,56,81,41,49,41,47,15,49,48,39,48,57,39,39,71,63,54,60,70,54,58,68,53,46,53,33,38,43,67,61,18,61,41,77,55,70,47,40,53,63,13,54,28,57,39,2,2,5,41,17,20,35,5,39,25,15,12,4,26,16,41,33,30,14,49,49,36,18,56,20,18,32,40,46,44,39,15,63,38,17,10,39,21,39,71,19,28,16,41,27,87,30,39,3,5,18,20,11,12,12,64,8,7,50,35,43,0,75,3,2,0,20,22,36,33,31,9,9,0,9,5,70,24,28,28,46,36,37,50,21,47,67,23,23,44,52,29,22,29,14,10,14,35,32,52,21,13,67,32,39,32,34,18,35,25,13,33,14,7,10,23,57,59,51,42,24,54,17,42,45,46,13,14,22,36,18,29,27,32,71,10,12,57,43,28,7,44,28,58,38,15,60,74,14,42,15
Texas,True,True,True,True,Friendly & Conventional,Moderate,64.8,235,22.1,40.0,2,Solid Red,30503301,69021,38.5,34.3,11.5,15.2,13.6,26.8,28,50,42,82,11,48,28,43,35,14,25,13,6,59,53,86,66,48,21,72,43,46,29,57,41,17,24,54,40,12,35,36,54,34,26,11,10,51,23,22,24,6,11,24,14,61,87,45,87,79,43,48,65,29,65,46,38,58,28,29,26,24,25,50,53,56,43,34,66,53,100,38,67,10,20,5,16,26,53,24,12,10,12,34,20,58,58,86,79,17,25,17,32,58,48,41,71,59,45,15,35,55,100,3,10,46,46,59,38,59,62,46,33,62,30,62,22,47,28,40,67,38,31,59,55,31,31,36,44,10,41,32,64,56,76,30,61,40,86,50,56,58,21,47,71,31,22,100,42,3,45,5,8,56,7,1,1,70,7,58,34,20,17,11,53,46,18,37,43,31,33,30,52,39,62,72,39,62,76,41,47,50,65,44,36,71,21,58,79,34,0,19,28,15,64,19,48,35,30,51,46,55,43,55,44,61,11,18,49,3,49,35,60,11,17,16,0,19,14,16,58,23,21,12,22,33,12,45,91,12,60,50,49,16,55,36,18,17,61,27,26,17,0,87,14,13,28,18,45,33,31,44,3,23,29,0,0,0,37,38,41,39,22,51,55,46,6,5,40,96,35,43,31,45,26,33,27,41,29,13,38,100,100,36,4,73,19,12,8,10,14,3,17,9,34,10,28,34,9,20,26,38,63,45,38,44,37,30,36,29,33,35,31,32,45,31,49,22,39,6,21,28,29,29,12,23,16,42,9,17,39,21,20,38,67,3,47,44,46,21,50,59,79,42,60,44,46,14,54,47,44,53,64,44,41,72,73,55,68,65,63,67,69,44,47,60,40,42,47,53,61,27,65,36,58,52,63,64,44,66,38,18,41,19,56,37,2,2,6,9,18,19,29,5,37,45,7,10,4,20,16,42,31,33,13,80,41,80,15,41,15,15,32,30,26,27,35,10,31,32,19,6,35,24,30,57,19,25,12,32,25,61,15,33,8,4,24,18,9,20,18,37,7,9,31,45,36,0,64,4,2,0,16,10,20,17,26,10,11,0,11,10,51,21,23,20,38,27,33,43,21,38,97,28,34,37,44,25,17,25,16,13,18,33,25,41,21,14,41,21,33,27,32,17,42,27,13,31,15,8,11,18,64,58,42,49,24,36,21,34,42,34,13,14,19,34,23,31,23,37,30,10,7,57,29,27,7,35,35,49,27,16,22,57,15,52,15
Utah,True,False,False,False,Relaxed & Creative,Moderate,48.6,238,53.1,32.9,5,Solid Red,3417734,69021,38.5,34.3,11.5,15.2,13.6,26.8,38,49,38,80,29,75,25,61,41,42,65,14,8,46,49,75,60,45,53,73,49,69,21,88,52,18,23,58,34,11,33,23,85,57,49,31,18,25,57,22,42,34,11,16,16,47,59,45,84,45,43,53,62,9,37,30,39,46,24,25,16,27,44,75,50,74,41,47,77,52,53,72,60,28,7,4,13,19,60,59,6,8,13,38,31,23,53,55,53,16,29,24,22,50,40,43,75,87,45,24,44,68,95,3,33,73,27,31,43,31,48,66,17,92,67,67,25,40,27,49,63,44,35,49,24,37,21,36,58,13,43,42,64,49,57,53,42,15,68,18,57,44,9,24,82,39,53,2,25,13,47,5,2,33,94,1,1,28,0,20,54,19,17,12,49,44,16,41,29,22,30,23,81,44,67,63,53,81,77,88,70,83,61,76,41,88,22,50,100,53,0,33,97,20,64,27,65,78,41,59,44,47,0,68,59,91,32,19,69,0,80,0,45,12,17,19,0,23,20,26,79,14,27,14,27,33,14,64,96,0,0,55,54,17,83,0,22,23,90,0,0,24,0,78,19,15,54,36,0,55,0,0,0,92,0,0,0,0,38,41,77,57,36,53,58,57,10,14,27,100,33,50,39,52,29,32,40,48,49,65,42,34,40,32,5,58,38,9,35,82,43,4,15,9,63,20,31,25,46,25,34,82,57,51,40,24,67,42,54,48,60,60,32,36,38,17,64,21,42,14,24,25,34,35,17,35,35,20,15,23,51,26,28,45,53,7,56,78,49,28,55,57,60,57,52,48,53,16,52,46,45,62,62,47,52,80,86,67,54,81,70,82,100,48,48,53,43,46,48,57,83,100,80,49,85,73,70,53,43,63,43,19,51,20,62,47,4,5,30,32,26,33,63,6,29,28,10,15,5,25,21,58,44,35,18,46,15,41,35,27,35,26,42,39,36,29,85,66,42,33,71,28,51,29,100,29,27,46,64,58,46,40,43,30,6,13,69,18,11,50,65,63,27,15,58,75,57,0,62,9,5,0,27,21,31,34,77,98,43,0,11,12,83,48,30,43,56,29,43,39,25,52,80,28,51,70,81,32,27,51,16,13,18,39,50,66,28,16,80,42,39,47,43,24,43,45,21,42,32,9,13,27,85,90,78,56,35,62,21,60,54,21,12,0,24,62,27,40,26,34,24,19,78,56,41,47,18,49,39,95,56,18,41,0,19,47,18
Vermont,False,False,False,False,Conventional & Duty-Bound,High,42.9,160,88.0,28.3,0,Solid Blue,647464,69021,38.5,34.3,11.5,15.2,13.6,26.8,30,27,34,83,61,53,27,35,40,100,100,13,6,29,39,63,77,73,83,74,18,58,29,51,54,12,71,38,47,4,35,22,69,48,39,76,19,20,72,48,49,100,8,13,8,68,25,26,57,44,25,72,64,15,36,47,39,54,34,19,12,39,56,69,42,67,62,15,39,27,48,98,65,38,10,18,15,26,36,35,22,10,5,55,100,11,28,63,29,22,35,25,22,58,26,51,50,82,98,39,79,98,0,5,14,69,43,25,94,54,34,99,23,65,100,58,40,59,24,39,47,33,29,41,24,53,22,41,49,100,45,53,58,21,9,25,42,4,58,14,52,34,52,38,4,46,3,1,0,1,11,1,1,2,0,1,1,22,0,11,75,19,8,23,73,72,21,37,18,11,15,19,0,57,44,56,47,64,100,0,0,66,0,61,48,32,17,36,44,25,0,25,0,17,0,34,0,84,39,0,0,0,0,0,0,0,0,30,48,0,0,0,0,7,0,14,0,21,22,26,67,15,30,12,0,0,0,0,0,0,0,0,0,25,0,0,21,18,89,0,0,0,0,65,25,17,72,33,0,0,0,0,0,0,0,0,0,0,41,51,60,58,19,56,47,60,6,27,22,48,30,56,38,37,21,30,34,48,87,20,51,61,32,100,4,56,29,20,8,8,44,5,13,7,53,16,33,100,8,27,92,40,46,37,32,35,69,62,31,100,65,100,31,54,76,37,100,66,52,10,13,24,30,31,16,70,60,23,18,20,41,29,23,54,46,4,52,60,40,18,47,45,45,56,51,35,58,21,43,40,47,67,55,54,41,72,28,79,57,68,52,66,73,52,68,64,43,54,39,60,51,16,60,34,54,57,74,51,40,65,75,11,100,43,55,28,4,6,0,46,60,35,95,9,62,37,15,22,37,33,17,30,30,35,29,32,0,27,30,90,29,28,44,60,51,100,87,79,69,31,41,23,67,23,0,28,26,38,36,50,29,80,62,55,0,41,30,23,16,28,0,43,31,13,100,38,70,0,83,6,0,0,43,0,69,36,39,54,100,0,32,0,0,52,61,100,54,42,53,68,16,52,60,19,43,52,56,24,18,24,13,9,13,27,50,73,31,15,64,67,70,67,33,17,40,24,11,45,18,7,5,0,75,66,62,33,25,62,13,100,43,0,0,0,30,38,0,30,0,24,0,0,18,55,43,27,14,38,43,93,37,22,89,0,25,35,25
Virginia,False,False,True,True,Conventional & Duty-Bound,Moderate,55.1,205,35.8,32.6,1,Solid Blue,8715698,69021,38.5,34.3,11.5,15.2,13.6,26.8,36,43,42,73,19,48,32,39,38,18,39,11,9,50,57,72,72,51,37,65,36,54,34,68,48,17,62,47,50,9,38,22,62,44,34,51,16,39,30,36,29,9,12,23,11,59,42,44,61,57,35,57,67,33,55,42,39,60,31,32,15,45,35,62,52,59,47,25,72,41,47,43,58,18,10,7,17,27,70,28,35,9,14,36,27,18,27,61,52,20,33,25,47,46,54,54,43,71,61,21,50,75,9,13,11,56,43,66,57,35,45,58,52,61,38,60,28,56,30,42,46,65,34,52,53,36,27,38,46,14,50,43,63,54,68,48,62,35,73,35,55,72,39,80,45,83,6,3,19,2,33,14,25,5,8,36,31,62,0,43,44,20,13,20,65,55,24,55,23,13,28,26,48,46,74,73,54,71,83,46,66,50,61,51,44,65,24,62,68,39,0,22,35,18,73,22,46,54,39,11,44,56,0,54,50,75,12,17,48,0,43,0,52,10,19,15,0,24,21,22,60,32,25,15,21,37,13,56,74,12,0,45,59,19,87,43,22,19,58,48,0,19,0,86,20,15,44,26,54,41,25,48,0,0,100,0,0,0,36,42,44,34,18,59,39,58,5,9,30,78,34,43,59,44,26,37,31,45,39,15,46,60,29,38,4,61,14,9,9,7,13,5,16,7,26,10,29,35,4,25,43,31,60,43,22,66,45,38,24,40,37,42,38,34,42,66,59,36,47,7,14,28,27,30,13,36,35,28,13,18,39,21,23,46,55,4,54,55,51,69,52,54,65,41,47,40,45,16,60,43,41,52,53,38,43,72,55,49,57,66,53,65,69,46,55,64,38,36,44,52,53,20,60,32,65,62,63,50,41,52,69,11,48,43,52,38,2,3,5,11,20,26,39,5,53,36,11,12,5,23,18,48,33,30,14,37,33,32,15,52,19,18,32,32,38,39,53,16,42,36,23,8,47,17,27,40,17,20,18,47,30,55,23,22,19,5,26,22,12,15,23,56,12,10,33,34,56,0,66,5,5,0,24,16,33,25,27,8,8,0,12,11,36,30,29,40,47,31,40,46,25,45,78,29,37,42,45,32,19,31,18,13,16,29,27,50,21,16,61,29,42,40,39,21,45,29,16,35,17,7,11,20,53,67,42,51,22,41,23,43,37,44,19,15,20,38,30,27,28,30,42,14,9,52,35,29,9,40,46,56,39,19,41,41,18,40,19
Washington,False,True,True,False,Relaxed & Creative,High,48.3,152,88.3,31.5,3,Solid Blue,7812880,69021,38.5,34.3,11.5,15.2,13.6,26.8,24,32,38,74,17,51,28,48,37,27,56,14,7,42,45,60,71,69,35,100,23,48,28,81,38,17,24,59,38,9,37,23,69,38,37,17,14,36,33,44,33,52,13,41,15,68,48,54,88,45,45,57,63,19,48,72,44,55,31,17,31,30,26,65,54,57,32,26,59,59,54,63,75,65,9,6,15,20,46,50,18,9,11,33,37,29,43,45,43,16,42,21,37,49,31,43,52,70,57,20,46,72,7,4,27,71,36,29,61,33,28,79,24,74,71,78,26,55,25,38,66,44,33,54,26,46,28,39,39,16,43,44,62,56,32,38,48,17,71,23,52,61,6,43,65,37,18,2,24,1,45,1,1,51,16,1,1,24,0,35,68,19,12,14,77,60,27,58,26,27,24,26,92,37,55,53,39,63,64,54,64,64,54,55,42,55,22,44,68,42,0,24,33,25,74,22,47,73,40,41,27,35,0,41,51,65,26,18,59,0,41,0,42,10,19,16,0,22,21,25,68,16,25,12,17,28,8,43,55,10,0,50,62,17,63,55,25,20,80,50,57,32,0,71,24,13,58,29,0,40,33,3,0,0,0,0,0,0,37,51,50,39,18,59,46,53,6,11,22,70,29,56,37,41,24,28,50,52,49,20,65,50,35,33,5,66,18,8,20,12,17,4,19,8,40,16,34,30,13,27,26,100,59,65,64,19,63,46,34,42,69,75,37,45,57,20,71,33,45,7,16,20,51,54,24,53,34,40,24,100,47,23,22,38,51,6,68,75,50,25,52,50,50,50,48,38,50,19,56,48,44,57,57,54,51,78,78,62,70,72,60,68,73,52,50,67,44,39,45,50,62,17,74,31,60,68,65,50,42,61,41,16,45,95,57,36,3,5,10,32,30,39,47,9,68,29,18,20,13,28,18,45,34,34,19,36,12,24,21,23,33,24,39,30,43,29,61,24,52,35,67,14,60,29,54,22,28,50,55,68,34,41,33,15,76,6,30,21,12,67,32,46,43,13,48,48,39,0,35,8,95,0,37,51,35,33,56,37,19,0,28,15,74,31,36,70,48,37,44,42,15,53,82,30,50,57,77,28,20,34,15,14,16,30,45,60,24,17,61,47,49,38,43,22,46,37,19,38,23,8,12,31,70,94,71,58,27,52,25,46,46,46,19,18,24,58,37,36,27,26,30,11,56,57,37,34,14,38,44,67,59,22,60,36,19,43,20
West Virginia,False,False,False,False,Friendly & Conventional,Low,51.8,164,58.3,49.6,1,Solid Red,1770071,69021,38.5,34.3,11.5,15.2,13.6,26.8,56,60,75,52,14,46,18,19,31,15,34,6,10,36,42,56,72,47,27,73,45,49,30,32,43,9,94,61,47,9,28,25,44,32,15,18,8,34,65,22,27,0,6,11,7,78,23,20,55,49,23,44,76,15,40,14,35,64,20,15,11,21,14,46,38,62,46,17,59,28,42,70,70,14,10,5,19,24,69,48,24,10,4,30,24,13,24,56,41,11,19,16,22,40,89,100,69,88,100,22,58,78,4,13,14,47,56,76,63,46,49,89,25,81,41,52,31,41,27,28,36,74,24,48,76,25,21,43,59,17,45,63,100,97,57,100,100,14,67,53,86,43,39,62,18,45,4,3,20,2,50,3,6,4,3,100,6,60,0,19,38,19,11,14,34,24,13,23,19,9,21,17,0,55,67,80,63,71,82,100,90,54,45,68,44,100,24,56,37,57,0,16,66,17,69,36,0,55,35,1,0,86,0,81,99,0,0,20,62,0,0,0,90,9,19,13,0,21,21,18,64,27,18,13,0,0,0,67,0,0,0,37,0,15,0,0,20,15,64,0,0,0,0,73,12,15,26,18,0,76,0,0,0,0,0,0,0,0,46,55,56,81,28,61,54,64,6,12,26,64,38,51,42,33,27,29,31,50,38,64,61,94,36,58,4,62,29,16,26,7,17,4,13,8,70,16,28,45,15,25,38,43,48,43,40,98,80,46,24,48,38,57,34,44,48,62,72,38,52,12,18,26,27,33,12,35,50,15,12,15,43,26,29,57,55,3,43,59,41,36,47,64,86,46,51,35,58,16,50,45,45,49,61,38,41,85,38,54,62,58,64,61,90,53,70,67,52,50,45,100,74,20,63,71,94,64,77,63,49,67,84,13,64,37,67,41,3,0,6,15,19,15,41,5,32,23,8,11,5,24,19,57,43,35,11,36,30,37,21,100,22,15,48,73,44,40,34,14,39,29,12,12,37,19,43,37,26,33,15,74,34,91,75,35,7,6,28,17,12,10,0,77,10,6,40,26,66,0,44,3,0,0,23,28,50,45,27,0,10,0,0,7,2,25,27,26,53,23,41,38,22,37,78,23,26,46,57,24,23,32,15,9,11,25,39,58,20,14,61,41,59,0,32,17,32,24,14,35,14,6,10,23,63,64,50,40,19,64,15,51,41,43,0,0,16,32,0,35,33,45,46,8,13,58,44,22,8,44,27,51,39,16,99,0,11,20,12
Wisconsin,True,False,False,False,Friendly & Conventional,Low,43.1,188,46.8,38.6,0,Swing State,5910955,69021,38.5,34.3,11.5,15.2,13.6,26.8,44,41,48,61,40,68,23,37,36,23,39,7,11,33,46,67,98,100,39,73,25,75,29,45,61,11,58,46,68,22,26,35,70,66,48,100,11,24,62,25,25,21,8,14,8,68,43,31,71,43,29,55,67,13,39,22,33,50,24,18,84,22,31,73,40,67,36,23,67,37,53,83,76,17,8,6,21,26,54,65,14,12,8,37,30,16,33,54,43,22,23,17,39,50,54,50,58,81,85,18,59,89,7,4,22,76,30,47,71,39,30,85,25,69,53,58,31,42,21,35,50,22,28,53,26,35,20,37,48,26,44,51,80,63,32,32,55,23,69,36,63,42,37,57,45,30,5,2,11,100,29,1,1,4,2,1,1,44,20,16,53,18,13,16,42,38,16,31,24,15,19,17,63,51,61,67,54,72,68,60,70,91,47,49,48,68,25,51,56,55,0,19,59,18,74,36,66,76,35,58,43,61,0,48,76,65,20,26,51,0,68,95,40,8,17,13,0,28,19,19,53,14,25,12,21,23,10,41,71,0,0,57,2,20,86,0,20,21,76,54,0,19,0,71,15,18,54,25,0,68,56,70,0,0,0,0,0,0,42,44,53,82,30,62,46,100,7,13,26,58,43,54,58,40,24,28,29,48,57,100,55,53,35,34,100,72,18,19,20,9,34,4,19,9,37,14,28,57,16,27,35,41,53,41,20,25,53,46,34,47,74,60,30,43,49,49,84,45,45,29,11,22,27,29,12,39,80,21,12,16,38,20,19,41,54,4,45,55,35,21,49,45,55,43,50,43,50,15,49,45,39,56,51,40,47,73,56,54,57,63,58,54,89,46,55,73,37,45,37,50,62,23,60,36,62,81,58,49,50,49,67,26,71,30,65,33,14,5,7,12,40,21,63,6,46,32,12,16,29,26,16,44,33,35,18,32,9,23,18,78,26,18,55,60,49,66,63,18,81,43,29,8,50,18,21,46,21,27,19,67,30,62,37,18,4,74,21,16,12,12,18,42,12,7,69,33,67,0,29,5,2,0,24,33,36,28,22,16,41,0,13,6,64,48,39,49,52,29,44,69,30,43,70,20,35,46,51,35,20,39,12,9,13,27,40,69,21,14,68,44,61,30,35,20,37,30,13,28,14,6,9,19,68,64,49,40,25,45,14,47,44,47,22,23,18,35,26,29,27,29,39,8,21,52,32,28,8,41,30,64,56,15,89,43,17,30,16
Wyoming,False,False,False,False,Relaxed & Creative,Low,42.0,222,78.1,45.3,2,Solid Red,584057,69021,38.5,34.3,11.5,15.2,13.6,26.8,56,60,52,97,34,100,100,100,100,46,74,29,15,100,100,77,85,68,77,99,40,45,30,100,77,100,46,74,75,18,100,100,94,94,100,31,42,100,97,100,100,51,100,100,100,84,100,71,69,100,92,100,100,27,100,30,100,100,100,100,24,84,32,100,100,100,34,100,53,51,81,95,83,24,11,6,69,100,56,79,10,11,9,37,46,100,100,100,61,11,90,100,57,100,41,69,77,90,74,100,55,72,15,3,42,100,65,50,100,48,42,84,22,89,69,75,100,100,100,100,82,47,100,100,100,100,100,100,100,27,100,100,60,52,18,49,52,9,77,42,92,30,11,33,33,41,14,3,39,9,17,1,2,11,12,2,3,37,0,14,69,100,13,100,50,33,100,100,100,100,100,100,0,100,100,84,100,100,56,96,0,91,72,67,100,96,100,78,96,100,0,100,56,54,84,28,100,79,100,72,0,0,0,0,17,0,0,100,100,0,0,0,0,100,100,100,0,100,100,100,100,62,100,100,100,100,100,100,0,100,0,100,0,100,0,0,100,100,100,0,0,100,0,85,100,100,100,100,0,0,0,0,0,0,0,0,0,0,100,100,98,66,37,90,85,84,41,49,46,94,63,100,64,98,100,62,71,100,70,31,85,57,64,58,10,95,75,24,100,100,46,10,38,16,100,73,49,48,100,100,100,67,100,100,86,42,96,73,100,47,60,86,54,60,100,53,92,53,100,27,31,48,54,57,57,66,56,25,48,46,100,100,100,100,91,8,100,87,57,42,100,100,80,100,100,100,100,52,100,100,100,100,70,100,100,100,67,100,66,100,100,100,93,100,100,100,100,100,100,90,100,35,100,100,100,100,100,100,100,100,48,93,62,25,100,66,11,7,100,74,35,100,100,18,87,79,22,25,20,39,79,96,100,100,41,100,0,47,27,38,100,100,98,90,84,99,100,100,100,60,83,52,100,100,76,28,100,100,100,100,100,100,84,68,10,44,65,100,100,45,100,100,100,100,82,100,100,0,65,26,1,0,100,83,100,100,100,49,94,0,38,58,100,100,100,80,100,100,100,100,56,100,100,100,100,100,100,100,100,100,100,100,100,100,100,100,100,100,100,100,78,0,100,100,100,100,100,100,100,100,100,100,100,100,100,100,100,100,100,40,100,100,100,100,100,100,100,100,100,100,62,100,82,100,100,100,26,69,32,94,100,100,100,0,100,100,100
